-- MySQL dump 10.13  Distrib 8.0.29, for Linux (x86_64)
--
-- Host: localhost    Database: todos
-- ------------------------------------------------------
-- Server version	8.0.31-0ubuntu0.22.04.1

/*!40101 SET @OLD_CHARACTER_SET_CLIENT=@@CHARACTER_SET_CLIENT */;
/*!40101 SET @OLD_CHARACTER_SET_RESULTS=@@CHARACTER_SET_RESULTS */;
/*!40101 SET @OLD_COLLATION_CONNECTION=@@COLLATION_CONNECTION */;
/*!50503 SET NAMES utf8 */;
/*!40103 SET @OLD_TIME_ZONE=@@TIME_ZONE */;
/*!40103 SET TIME_ZONE='+00:00' */;
/*!40014 SET @OLD_UNIQUE_CHECKS=@@UNIQUE_CHECKS, UNIQUE_CHECKS=0 */;
/*!40014 SET @OLD_FOREIGN_KEY_CHECKS=@@FOREIGN_KEY_CHECKS, FOREIGN_KEY_CHECKS=0 */;
/*!40101 SET @OLD_SQL_MODE=@@SQL_MODE, SQL_MODE='NO_AUTO_VALUE_ON_ZERO' */;
/*!40111 SET @OLD_SQL_NOTES=@@SQL_NOTES, SQL_NOTES=0 */;

--
-- Table structure for table `comment`
--

DROP TABLE IF EXISTS `comment`;
/*!40101 SET @saved_cs_client     = @@character_set_client */;
/*!50503 SET character_set_client = utf8mb4 */;
CREATE TABLE `comment` (
  `comment_id` int NOT NULL AUTO_INCREMENT,
  `user_id` int NOT NULL,
  `title` varchar(50) NOT NULL,
  `body` text NOT NULL,
  `email` varchar(50) DEFAULT NULL,
  PRIMARY KEY (`comment_id`)
) ENGINE=InnoDB AUTO_INCREMENT=501 DEFAULT CHARSET=utf8mb4 COLLATE=utf8mb4_0900_ai_ci;
/*!40101 SET character_set_client = @saved_cs_client */;

--
-- Dumping data for table `comment`
--

LOCK TABLES `comment` WRITE;
/*!40000 ALTER TABLE `comment` DISABLE KEYS */;
INSERT INTO `comment` VALUES (1,32,'Mrs','Praesent blandit. Nam nulla. Integer pede justo, lacinia eget, tincidunt eget, tempus vel, pede.',NULL),(2,8,'Mrs','In sagittis dui vel nisl. Duis ac nibh. Fusce lacus purus, aliquet at, feugiat non, pretium quis, lectus.',NULL),(3,83,'Dr','Morbi porttitor lorem id ligula. Suspendisse ornare consequat lectus. In est risus, auctor sed, tristique in, tempus sit amet, sem.',NULL),(4,44,'Rev','Maecenas ut massa quis augue luctus tincidunt. Nulla mollis molestie lorem. Quisque ut erat.',NULL),(5,77,'Mr','Vestibulum ac est lacinia nisi venenatis tristique. Fusce congue, diam id ornare imperdiet, sapien urna pretium nisl, ut volutpat sapien arcu sed augue. Aliquam erat volutpat.',NULL),(6,89,'Dr','Maecenas tristique, est et tempus semper, est quam pharetra magna, ac consequat metus sapien ut nunc. Vestibulum ante ipsum primis in faucibus orci luctus et ultrices posuere cubilia Curae; Mauris viverra diam vitae quam. Suspendisse potenti.',NULL),(7,29,'Ms','Mauris enim leo, rhoncus sed, vestibulum sit amet, cursus id, turpis. Integer aliquet, massa id lobortis convallis, tortor risus dapibus augue, vel accumsan tellus nisi eu orci. Mauris lacinia sapien quis libero.',NULL),(8,98,'Mr','Curabitur gravida nisi at nibh. In hac habitasse platea dictumst. Aliquam augue quam, sollicitudin vitae, consectetuer eget, rutrum at, lorem.',NULL),(9,12,'Ms','Phasellus sit amet erat. Nulla tempus. Vivamus in felis eu sapien cursus vestibulum.',NULL),(10,26,'Mr','Vestibulum ac est lacinia nisi venenatis tristique. Fusce congue, diam id ornare imperdiet, sapien urna pretium nisl, ut volutpat sapien arcu sed augue. Aliquam erat volutpat.',NULL),(11,8,'Rev','Cras mi pede, malesuada in, imperdiet et, commodo vulputate, justo. In blandit ultrices enim. Lorem ipsum dolor sit amet, consectetuer adipiscing elit.',NULL),(12,21,'Rev','Nullam sit amet turpis elementum ligula vehicula consequat. Morbi a ipsum. Integer a nibh.',NULL),(13,70,'Mr','In quis justo. Maecenas rhoncus aliquam lacus. Morbi quis tortor id nulla ultrices aliquet.',NULL),(14,41,'Ms','Quisque porta volutpat erat. Quisque erat eros, viverra eget, congue eget, semper rutrum, nulla. Nunc purus.',NULL),(15,16,'Honorable','Etiam vel augue. Vestibulum rutrum rutrum neque. Aenean auctor gravida sem.',NULL),(16,35,'Ms','In quis justo. Maecenas rhoncus aliquam lacus. Morbi quis tortor id nulla ultrices aliquet.',NULL),(17,74,'Honorable','Vestibulum ac est lacinia nisi venenatis tristique. Fusce congue, diam id ornare imperdiet, sapien urna pretium nisl, ut volutpat sapien arcu sed augue. Aliquam erat volutpat.',NULL),(18,33,'Ms','Cum sociis natoque penatibus et magnis dis parturient montes, nascetur ridiculus mus. Vivamus vestibulum sagittis sapien. Cum sociis natoque penatibus et magnis dis parturient montes, nascetur ridiculus mus.',NULL),(19,45,'Honorable','Phasellus in felis. Donec semper sapien a libero. Nam dui.',NULL),(20,7,'Honorable','In hac habitasse platea dictumst. Morbi vestibulum, velit id pretium iaculis, diam erat fermentum justo, nec condimentum neque sapien placerat ante. Nulla justo.',NULL),(21,19,'Dr','Donec diam neque, vestibulum eget, vulputate ut, ultrices vel, augue. Vestibulum ante ipsum primis in faucibus orci luctus et ultrices posuere cubilia Curae; Donec pharetra, magna vestibulum aliquet ultrices, erat tortor sollicitudin mi, sit amet lobortis sapien sapien non mi. Integer ac neque.',NULL),(22,81,'Ms','Suspendisse potenti. In eleifend quam a odio. In hac habitasse platea dictumst.',NULL),(23,16,'Mrs','Duis bibendum. Morbi non quam nec dui luctus rutrum. Nulla tellus.',NULL),(24,17,'Ms','Proin interdum mauris non ligula pellentesque ultrices. Phasellus id sapien in sapien iaculis congue. Vivamus metus arcu, adipiscing molestie, hendrerit at, vulputate vitae, nisl.',NULL),(25,49,'Dr','Praesent blandit. Nam nulla. Integer pede justo, lacinia eget, tincidunt eget, tempus vel, pede.',NULL),(26,42,'Dr','In sagittis dui vel nisl. Duis ac nibh. Fusce lacus purus, aliquet at, feugiat non, pretium quis, lectus.',NULL),(27,19,'Honorable','Nullam sit amet turpis elementum ligula vehicula consequat. Morbi a ipsum. Integer a nibh.',NULL),(28,17,'Dr','Quisque id justo sit amet sapien dignissim vestibulum. Vestibulum ante ipsum primis in faucibus orci luctus et ultrices posuere cubilia Curae; Nulla dapibus dolor vel est. Donec odio justo, sollicitudin ut, suscipit a, feugiat et, eros.',NULL),(29,54,'Mrs','Duis aliquam convallis nunc. Proin at turpis a pede posuere nonummy. Integer non velit.',NULL),(30,61,'Rev','Sed sagittis. Nam congue, risus semper porta volutpat, quam pede lobortis ligula, sit amet eleifend pede libero quis orci. Nullam molestie nibh in lectus.',NULL),(31,95,'Ms','Etiam vel augue. Vestibulum rutrum rutrum neque. Aenean auctor gravida sem.',NULL),(32,63,'Rev','Nam ultrices, libero non mattis pulvinar, nulla pede ullamcorper augue, a suscipit nulla elit ac nulla. Sed vel enim sit amet nunc viverra dapibus. Nulla suscipit ligula in lacus.',NULL),(33,17,'Honorable','Aenean fermentum. Donec ut mauris eget massa tempor convallis. Nulla neque libero, convallis eget, eleifend luctus, ultricies eu, nibh.',NULL),(34,21,'Mr','Pellentesque at nulla. Suspendisse potenti. Cras in purus eu magna vulputate luctus.',NULL),(35,100,'Dr','Cras non velit nec nisi vulputate nonummy. Maecenas tincidunt lacus at velit. Vivamus vel nulla eget eros elementum pellentesque.',NULL),(36,88,'Mr','Vestibulum quam sapien, varius ut, blandit non, interdum in, ante. Vestibulum ante ipsum primis in faucibus orci luctus et ultrices posuere cubilia Curae; Duis faucibus accumsan odio. Curabitur convallis.',NULL),(37,72,'Ms','Curabitur in libero ut massa volutpat convallis. Morbi odio odio, elementum eu, interdum eu, tincidunt in, leo. Maecenas pulvinar lobortis est.',NULL),(38,6,'Rev','Sed sagittis. Nam congue, risus semper porta volutpat, quam pede lobortis ligula, sit amet eleifend pede libero quis orci. Nullam molestie nibh in lectus.',NULL),(39,9,'Mrs','Lorem ipsum dolor sit amet, consectetuer adipiscing elit. Proin risus. Praesent lectus.',NULL),(40,83,'Rev','Duis bibendum, felis sed interdum venenatis, turpis enim blandit mi, in porttitor pede justo eu massa. Donec dapibus. Duis at velit eu est congue elementum.',NULL),(41,75,'Dr','Sed ante. Vivamus tortor. Duis mattis egestas metus.',NULL),(42,90,'Mr','Duis bibendum. Morbi non quam nec dui luctus rutrum. Nulla tellus.',NULL),(43,67,'Dr','Duis aliquam convallis nunc. Proin at turpis a pede posuere nonummy. Integer non velit.',NULL),(44,94,'Rev','Fusce consequat. Nulla nisl. Nunc nisl.',NULL),(45,70,'Dr','Nullam porttitor lacus at turpis. Donec posuere metus vitae ipsum. Aliquam non mauris.',NULL),(46,38,'Mrs','Maecenas leo odio, condimentum id, luctus nec, molestie sed, justo. Pellentesque viverra pede ac diam. Cras pellentesque volutpat dui.',NULL),(47,58,'Ms','Fusce consequat. Nulla nisl. Nunc nisl.',NULL),(48,39,'Mrs','Maecenas tristique, est et tempus semper, est quam pharetra magna, ac consequat metus sapien ut nunc. Vestibulum ante ipsum primis in faucibus orci luctus et ultrices posuere cubilia Curae; Mauris viverra diam vitae quam. Suspendisse potenti.',NULL),(49,12,'Mr','Curabitur gravida nisi at nibh. In hac habitasse platea dictumst. Aliquam augue quam, sollicitudin vitae, consectetuer eget, rutrum at, lorem.',NULL),(50,15,'Dr','Proin interdum mauris non ligula pellentesque ultrices. Phasellus id sapien in sapien iaculis congue. Vivamus metus arcu, adipiscing molestie, hendrerit at, vulputate vitae, nisl.',NULL),(51,78,'Honorable','Cras mi pede, malesuada in, imperdiet et, commodo vulputate, justo. In blandit ultrices enim. Lorem ipsum dolor sit amet, consectetuer adipiscing elit.',NULL),(52,38,'Honorable','Donec diam neque, vestibulum eget, vulputate ut, ultrices vel, augue. Vestibulum ante ipsum primis in faucibus orci luctus et ultrices posuere cubilia Curae; Donec pharetra, magna vestibulum aliquet ultrices, erat tortor sollicitudin mi, sit amet lobortis sapien sapien non mi. Integer ac neque.',NULL),(53,55,'Dr','Vestibulum ac est lacinia nisi venenatis tristique. Fusce congue, diam id ornare imperdiet, sapien urna pretium nisl, ut volutpat sapien arcu sed augue. Aliquam erat volutpat.',NULL),(54,30,'Rev','Cras mi pede, malesuada in, imperdiet et, commodo vulputate, justo. In blandit ultrices enim. Lorem ipsum dolor sit amet, consectetuer adipiscing elit.',NULL),(55,69,'Honorable','Duis consequat dui nec nisi volutpat eleifend. Donec ut dolor. Morbi vel lectus in quam fringilla rhoncus.',NULL),(56,72,'Mr','Nulla ut erat id mauris vulputate elementum. Nullam varius. Nulla facilisi.',NULL),(57,54,'Rev','Fusce consequat. Nulla nisl. Nunc nisl.',NULL),(58,83,'Ms','Fusce consequat. Nulla nisl. Nunc nisl.',NULL),(59,53,'Mrs','Praesent id massa id nisl venenatis lacinia. Aenean sit amet justo. Morbi ut odio.',NULL),(60,80,'Mr','Quisque porta volutpat erat. Quisque erat eros, viverra eget, congue eget, semper rutrum, nulla. Nunc purus.',NULL),(61,80,'Honorable','Integer ac leo. Pellentesque ultrices mattis odio. Donec vitae nisi.',NULL),(62,13,'Mr','Lorem ipsum dolor sit amet, consectetuer adipiscing elit. Proin risus. Praesent lectus.',NULL),(63,99,'Ms','Duis bibendum, felis sed interdum venenatis, turpis enim blandit mi, in porttitor pede justo eu massa. Donec dapibus. Duis at velit eu est congue elementum.',NULL),(64,90,'Ms','Duis bibendum, felis sed interdum venenatis, turpis enim blandit mi, in porttitor pede justo eu massa. Donec dapibus. Duis at velit eu est congue elementum.',NULL),(65,23,'Honorable','Fusce posuere felis sed lacus. Morbi sem mauris, laoreet ut, rhoncus aliquet, pulvinar sed, nisl. Nunc rhoncus dui vel sem.',NULL),(66,84,'Rev','Cum sociis natoque penatibus et magnis dis parturient montes, nascetur ridiculus mus. Vivamus vestibulum sagittis sapien. Cum sociis natoque penatibus et magnis dis parturient montes, nascetur ridiculus mus.',NULL),(67,3,'Mr','Maecenas ut massa quis augue luctus tincidunt. Nulla mollis molestie lorem. Quisque ut erat.',NULL),(68,38,'Rev','Proin eu mi. Nulla ac enim. In tempor, turpis nec euismod scelerisque, quam turpis adipiscing lorem, vitae mattis nibh ligula nec sem.',NULL),(69,81,'Mr','Maecenas leo odio, condimentum id, luctus nec, molestie sed, justo. Pellentesque viverra pede ac diam. Cras pellentesque volutpat dui.',NULL),(70,72,'Dr','Curabitur gravida nisi at nibh. In hac habitasse platea dictumst. Aliquam augue quam, sollicitudin vitae, consectetuer eget, rutrum at, lorem.',NULL),(71,26,'Honorable','Suspendisse potenti. In eleifend quam a odio. In hac habitasse platea dictumst.',NULL),(72,35,'Mr','Quisque id justo sit amet sapien dignissim vestibulum. Vestibulum ante ipsum primis in faucibus orci luctus et ultrices posuere cubilia Curae; Nulla dapibus dolor vel est. Donec odio justo, sollicitudin ut, suscipit a, feugiat et, eros.',NULL),(73,54,'Ms','Aenean lectus. Pellentesque eget nunc. Donec quis orci eget orci vehicula condimentum.',NULL),(74,74,'Mr','Proin eu mi. Nulla ac enim. In tempor, turpis nec euismod scelerisque, quam turpis adipiscing lorem, vitae mattis nibh ligula nec sem.',NULL),(75,32,'Rev','Vestibulum quam sapien, varius ut, blandit non, interdum in, ante. Vestibulum ante ipsum primis in faucibus orci luctus et ultrices posuere cubilia Curae; Duis faucibus accumsan odio. Curabitur convallis.',NULL),(76,80,'Dr','Maecenas ut massa quis augue luctus tincidunt. Nulla mollis molestie lorem. Quisque ut erat.',NULL),(77,4,'Rev','Proin leo odio, porttitor id, consequat in, consequat ut, nulla. Sed accumsan felis. Ut at dolor quis odio consequat varius.',NULL),(78,98,'Rev','In hac habitasse platea dictumst. Etiam faucibus cursus urna. Ut tellus.',NULL),(79,81,'Mrs','Sed ante. Vivamus tortor. Duis mattis egestas metus.',NULL),(80,91,'Rev','Curabitur in libero ut massa volutpat convallis. Morbi odio odio, elementum eu, interdum eu, tincidunt in, leo. Maecenas pulvinar lobortis est.',NULL),(81,6,'Rev','Phasellus sit amet erat. Nulla tempus. Vivamus in felis eu sapien cursus vestibulum.',NULL),(82,2,'Rev','Curabitur in libero ut massa volutpat convallis. Morbi odio odio, elementum eu, interdum eu, tincidunt in, leo. Maecenas pulvinar lobortis est.',NULL),(83,14,'Rev','Vestibulum quam sapien, varius ut, blandit non, interdum in, ante. Vestibulum ante ipsum primis in faucibus orci luctus et ultrices posuere cubilia Curae; Duis faucibus accumsan odio. Curabitur convallis.',NULL),(84,70,'Mr','Praesent id massa id nisl venenatis lacinia. Aenean sit amet justo. Morbi ut odio.',NULL),(85,47,'Honorable','Cum sociis natoque penatibus et magnis dis parturient montes, nascetur ridiculus mus. Vivamus vestibulum sagittis sapien. Cum sociis natoque penatibus et magnis dis parturient montes, nascetur ridiculus mus.',NULL),(86,84,'Honorable','Nullam sit amet turpis elementum ligula vehicula consequat. Morbi a ipsum. Integer a nibh.',NULL),(87,43,'Rev','Vestibulum ac est lacinia nisi venenatis tristique. Fusce congue, diam id ornare imperdiet, sapien urna pretium nisl, ut volutpat sapien arcu sed augue. Aliquam erat volutpat.',NULL),(88,97,'Rev','Cras mi pede, malesuada in, imperdiet et, commodo vulputate, justo. In blandit ultrices enim. Lorem ipsum dolor sit amet, consectetuer adipiscing elit.',NULL),(89,52,'Rev','Phasellus in felis. Donec semper sapien a libero. Nam dui.',NULL),(90,51,'Ms','Aenean lectus. Pellentesque eget nunc. Donec quis orci eget orci vehicula condimentum.',NULL),(91,54,'Rev','Etiam vel augue. Vestibulum rutrum rutrum neque. Aenean auctor gravida sem.',NULL),(92,83,'Mrs','Morbi porttitor lorem id ligula. Suspendisse ornare consequat lectus. In est risus, auctor sed, tristique in, tempus sit amet, sem.',NULL),(93,4,'Mrs','Duis bibendum, felis sed interdum venenatis, turpis enim blandit mi, in porttitor pede justo eu massa. Donec dapibus. Duis at velit eu est congue elementum.',NULL),(94,1,'Mrs','Quisque porta volutpat erat. Quisque erat eros, viverra eget, congue eget, semper rutrum, nulla. Nunc purus.',NULL),(95,53,'Honorable','Proin eu mi. Nulla ac enim. In tempor, turpis nec euismod scelerisque, quam turpis adipiscing lorem, vitae mattis nibh ligula nec sem.',NULL),(96,36,'Ms','Nulla ut erat id mauris vulputate elementum. Nullam varius. Nulla facilisi.',NULL),(97,2,'Ms','Duis consequat dui nec nisi volutpat eleifend. Donec ut dolor. Morbi vel lectus in quam fringilla rhoncus.',NULL),(98,39,'Mr','Morbi porttitor lorem id ligula. Suspendisse ornare consequat lectus. In est risus, auctor sed, tristique in, tempus sit amet, sem.',NULL),(99,15,'Mrs','Fusce consequat. Nulla nisl. Nunc nisl.',NULL),(100,52,'Mr','Cum sociis natoque penatibus et magnis dis parturient montes, nascetur ridiculus mus. Vivamus vestibulum sagittis sapien. Cum sociis natoque penatibus et magnis dis parturient montes, nascetur ridiculus mus.',NULL),(101,3,'Mrs','Curabitur at ipsum ac tellus semper interdum. Mauris ullamcorper purus sit amet nulla. Quisque arcu libero, rutrum ac, lobortis vel, dapibus at, diam.',NULL),(102,77,'Mrs','In sagittis dui vel nisl. Duis ac nibh. Fusce lacus purus, aliquet at, feugiat non, pretium quis, lectus.',NULL),(103,47,'Rev','In sagittis dui vel nisl. Duis ac nibh. Fusce lacus purus, aliquet at, feugiat non, pretium quis, lectus.',NULL),(104,16,'Ms','Sed sagittis. Nam congue, risus semper porta volutpat, quam pede lobortis ligula, sit amet eleifend pede libero quis orci. Nullam molestie nibh in lectus.',NULL),(105,36,'Mr','Aenean fermentum. Donec ut mauris eget massa tempor convallis. Nulla neque libero, convallis eget, eleifend luctus, ultricies eu, nibh.',NULL),(106,28,'Ms','Duis bibendum, felis sed interdum venenatis, turpis enim blandit mi, in porttitor pede justo eu massa. Donec dapibus. Duis at velit eu est congue elementum.',NULL),(107,65,'Rev','Maecenas tristique, est et tempus semper, est quam pharetra magna, ac consequat metus sapien ut nunc. Vestibulum ante ipsum primis in faucibus orci luctus et ultrices posuere cubilia Curae; Mauris viverra diam vitae quam. Suspendisse potenti.',NULL),(108,60,'Dr','Aenean fermentum. Donec ut mauris eget massa tempor convallis. Nulla neque libero, convallis eget, eleifend luctus, ultricies eu, nibh.',NULL),(109,9,'Honorable','Maecenas ut massa quis augue luctus tincidunt. Nulla mollis molestie lorem. Quisque ut erat.',NULL),(110,39,'Mr','Pellentesque at nulla. Suspendisse potenti. Cras in purus eu magna vulputate luctus.',NULL),(111,44,'Mr','Curabitur gravida nisi at nibh. In hac habitasse platea dictumst. Aliquam augue quam, sollicitudin vitae, consectetuer eget, rutrum at, lorem.',NULL),(112,53,'Mr','Cras mi pede, malesuada in, imperdiet et, commodo vulputate, justo. In blandit ultrices enim. Lorem ipsum dolor sit amet, consectetuer adipiscing elit.',NULL),(113,76,'Dr','Duis aliquam convallis nunc. Proin at turpis a pede posuere nonummy. Integer non velit.',NULL),(114,79,'Mr','Duis bibendum, felis sed interdum venenatis, turpis enim blandit mi, in porttitor pede justo eu massa. Donec dapibus. Duis at velit eu est congue elementum.',NULL),(115,71,'Dr','Cum sociis natoque penatibus et magnis dis parturient montes, nascetur ridiculus mus. Vivamus vestibulum sagittis sapien. Cum sociis natoque penatibus et magnis dis parturient montes, nascetur ridiculus mus.',NULL),(116,33,'Honorable','Integer ac leo. Pellentesque ultrices mattis odio. Donec vitae nisi.',NULL),(117,94,'Mrs','Morbi porttitor lorem id ligula. Suspendisse ornare consequat lectus. In est risus, auctor sed, tristique in, tempus sit amet, sem.',NULL),(118,41,'Mr','In congue. Etiam justo. Etiam pretium iaculis justo.',NULL),(119,18,'Mr','Quisque porta volutpat erat. Quisque erat eros, viverra eget, congue eget, semper rutrum, nulla. Nunc purus.',NULL),(120,2,'Rev','Maecenas tristique, est et tempus semper, est quam pharetra magna, ac consequat metus sapien ut nunc. Vestibulum ante ipsum primis in faucibus orci luctus et ultrices posuere cubilia Curae; Mauris viverra diam vitae quam. Suspendisse potenti.',NULL),(121,96,'Mr','In congue. Etiam justo. Etiam pretium iaculis justo.',NULL),(122,3,'Rev','Suspendisse potenti. In eleifend quam a odio. In hac habitasse platea dictumst.',NULL),(123,22,'Mr','Aenean fermentum. Donec ut mauris eget massa tempor convallis. Nulla neque libero, convallis eget, eleifend luctus, ultricies eu, nibh.',NULL),(124,34,'Dr','Nulla ut erat id mauris vulputate elementum. Nullam varius. Nulla facilisi.',NULL),(125,6,'Mrs','Nullam porttitor lacus at turpis. Donec posuere metus vitae ipsum. Aliquam non mauris.',NULL),(126,82,'Ms','Vestibulum quam sapien, varius ut, blandit non, interdum in, ante. Vestibulum ante ipsum primis in faucibus orci luctus et ultrices posuere cubilia Curae; Duis faucibus accumsan odio. Curabitur convallis.',NULL),(127,36,'Rev','Aenean fermentum. Donec ut mauris eget massa tempor convallis. Nulla neque libero, convallis eget, eleifend luctus, ultricies eu, nibh.',NULL),(128,37,'Dr','In hac habitasse platea dictumst. Morbi vestibulum, velit id pretium iaculis, diam erat fermentum justo, nec condimentum neque sapien placerat ante. Nulla justo.',NULL),(129,40,'Rev','Sed sagittis. Nam congue, risus semper porta volutpat, quam pede lobortis ligula, sit amet eleifend pede libero quis orci. Nullam molestie nibh in lectus.',NULL),(130,36,'Rev','Praesent id massa id nisl venenatis lacinia. Aenean sit amet justo. Morbi ut odio.',NULL),(131,16,'Dr','Proin leo odio, porttitor id, consequat in, consequat ut, nulla. Sed accumsan felis. Ut at dolor quis odio consequat varius.',NULL),(132,61,'Ms','Etiam vel augue. Vestibulum rutrum rutrum neque. Aenean auctor gravida sem.',NULL),(133,10,'Honorable','Donec diam neque, vestibulum eget, vulputate ut, ultrices vel, augue. Vestibulum ante ipsum primis in faucibus orci luctus et ultrices posuere cubilia Curae; Donec pharetra, magna vestibulum aliquet ultrices, erat tortor sollicitudin mi, sit amet lobortis sapien sapien non mi. Integer ac neque.',NULL),(134,65,'Rev','In congue. Etiam justo. Etiam pretium iaculis justo.',NULL),(135,25,'Honorable','Maecenas tristique, est et tempus semper, est quam pharetra magna, ac consequat metus sapien ut nunc. Vestibulum ante ipsum primis in faucibus orci luctus et ultrices posuere cubilia Curae; Mauris viverra diam vitae quam. Suspendisse potenti.',NULL),(136,60,'Mrs','In hac habitasse platea dictumst. Morbi vestibulum, velit id pretium iaculis, diam erat fermentum justo, nec condimentum neque sapien placerat ante. Nulla justo.',NULL),(137,16,'Rev','Sed sagittis. Nam congue, risus semper porta volutpat, quam pede lobortis ligula, sit amet eleifend pede libero quis orci. Nullam molestie nibh in lectus.',NULL),(138,11,'Mrs','Pellentesque at nulla. Suspendisse potenti. Cras in purus eu magna vulputate luctus.',NULL),(139,46,'Dr','Duis consequat dui nec nisi volutpat eleifend. Donec ut dolor. Morbi vel lectus in quam fringilla rhoncus.',NULL),(140,27,'Mr','Cras mi pede, malesuada in, imperdiet et, commodo vulputate, justo. In blandit ultrices enim. Lorem ipsum dolor sit amet, consectetuer adipiscing elit.',NULL),(141,49,'Mr','Phasellus in felis. Donec semper sapien a libero. Nam dui.',NULL),(142,23,'Mrs','Nam ultrices, libero non mattis pulvinar, nulla pede ullamcorper augue, a suscipit nulla elit ac nulla. Sed vel enim sit amet nunc viverra dapibus. Nulla suscipit ligula in lacus.',NULL),(143,1,'Mr','Proin interdum mauris non ligula pellentesque ultrices. Phasellus id sapien in sapien iaculis congue. Vivamus metus arcu, adipiscing molestie, hendrerit at, vulputate vitae, nisl.',NULL),(144,47,'Rev','Donec diam neque, vestibulum eget, vulputate ut, ultrices vel, augue. Vestibulum ante ipsum primis in faucibus orci luctus et ultrices posuere cubilia Curae; Donec pharetra, magna vestibulum aliquet ultrices, erat tortor sollicitudin mi, sit amet lobortis sapien sapien non mi. Integer ac neque.',NULL),(145,99,'Mr','Duis bibendum. Morbi non quam nec dui luctus rutrum. Nulla tellus.',NULL),(146,43,'Ms','Fusce consequat. Nulla nisl. Nunc nisl.',NULL),(147,40,'Ms','Praesent blandit. Nam nulla. Integer pede justo, lacinia eget, tincidunt eget, tempus vel, pede.',NULL),(148,99,'Rev','Duis consequat dui nec nisi volutpat eleifend. Donec ut dolor. Morbi vel lectus in quam fringilla rhoncus.',NULL),(149,20,'Rev','Lorem ipsum dolor sit amet, consectetuer adipiscing elit. Proin risus. Praesent lectus.',NULL),(150,45,'Mr','Integer ac leo. Pellentesque ultrices mattis odio. Donec vitae nisi.',NULL),(151,82,'Rev','Duis bibendum, felis sed interdum venenatis, turpis enim blandit mi, in porttitor pede justo eu massa. Donec dapibus. Duis at velit eu est congue elementum.',NULL),(152,50,'Ms','Proin leo odio, porttitor id, consequat in, consequat ut, nulla. Sed accumsan felis. Ut at dolor quis odio consequat varius.',NULL),(153,1,'Mrs','Mauris enim leo, rhoncus sed, vestibulum sit amet, cursus id, turpis. Integer aliquet, massa id lobortis convallis, tortor risus dapibus augue, vel accumsan tellus nisi eu orci. Mauris lacinia sapien quis libero.',NULL),(154,20,'Mr','Nullam porttitor lacus at turpis. Donec posuere metus vitae ipsum. Aliquam non mauris.',NULL),(155,1,'Ms','Sed sagittis. Nam congue, risus semper porta volutpat, quam pede lobortis ligula, sit amet eleifend pede libero quis orci. Nullam molestie nibh in lectus.',NULL),(156,26,'Honorable','Duis consequat dui nec nisi volutpat eleifend. Donec ut dolor. Morbi vel lectus in quam fringilla rhoncus.',NULL),(157,21,'Mr','Phasellus in felis. Donec semper sapien a libero. Nam dui.',NULL),(158,41,'Mrs','Morbi porttitor lorem id ligula. Suspendisse ornare consequat lectus. In est risus, auctor sed, tristique in, tempus sit amet, sem.',NULL),(159,96,'Mrs','Quisque porta volutpat erat. Quisque erat eros, viverra eget, congue eget, semper rutrum, nulla. Nunc purus.',NULL),(160,64,'Dr','Duis bibendum, felis sed interdum venenatis, turpis enim blandit mi, in porttitor pede justo eu massa. Donec dapibus. Duis at velit eu est congue elementum.',NULL),(161,74,'Mrs','Donec diam neque, vestibulum eget, vulputate ut, ultrices vel, augue. Vestibulum ante ipsum primis in faucibus orci luctus et ultrices posuere cubilia Curae; Donec pharetra, magna vestibulum aliquet ultrices, erat tortor sollicitudin mi, sit amet lobortis sapien sapien non mi. Integer ac neque.',NULL),(162,56,'Ms','Vestibulum ac est lacinia nisi venenatis tristique. Fusce congue, diam id ornare imperdiet, sapien urna pretium nisl, ut volutpat sapien arcu sed augue. Aliquam erat volutpat.',NULL),(163,70,'Ms','Sed sagittis. Nam congue, risus semper porta volutpat, quam pede lobortis ligula, sit amet eleifend pede libero quis orci. Nullam molestie nibh in lectus.',NULL),(164,30,'Ms','Duis consequat dui nec nisi volutpat eleifend. Donec ut dolor. Morbi vel lectus in quam fringilla rhoncus.',NULL),(165,95,'Rev','Phasellus sit amet erat. Nulla tempus. Vivamus in felis eu sapien cursus vestibulum.',NULL),(166,5,'Rev','Sed ante. Vivamus tortor. Duis mattis egestas metus.',NULL),(167,57,'Dr','Nullam sit amet turpis elementum ligula vehicula consequat. Morbi a ipsum. Integer a nibh.',NULL),(168,35,'Mr','In congue. Etiam justo. Etiam pretium iaculis justo.',NULL),(169,86,'Honorable','Morbi non lectus. Aliquam sit amet diam in magna bibendum imperdiet. Nullam orci pede, venenatis non, sodales sed, tincidunt eu, felis.',NULL),(170,15,'Mrs','Mauris enim leo, rhoncus sed, vestibulum sit amet, cursus id, turpis. Integer aliquet, massa id lobortis convallis, tortor risus dapibus augue, vel accumsan tellus nisi eu orci. Mauris lacinia sapien quis libero.',NULL),(171,3,'Rev','Duis consequat dui nec nisi volutpat eleifend. Donec ut dolor. Morbi vel lectus in quam fringilla rhoncus.',NULL),(172,57,'Mr','Maecenas ut massa quis augue luctus tincidunt. Nulla mollis molestie lorem. Quisque ut erat.',NULL),(173,52,'Mrs','Duis aliquam convallis nunc. Proin at turpis a pede posuere nonummy. Integer non velit.',NULL),(174,15,'Rev','Morbi non lectus. Aliquam sit amet diam in magna bibendum imperdiet. Nullam orci pede, venenatis non, sodales sed, tincidunt eu, felis.',NULL),(175,82,'Honorable','Nam ultrices, libero non mattis pulvinar, nulla pede ullamcorper augue, a suscipit nulla elit ac nulla. Sed vel enim sit amet nunc viverra dapibus. Nulla suscipit ligula in lacus.',NULL),(176,56,'Dr','Praesent blandit. Nam nulla. Integer pede justo, lacinia eget, tincidunt eget, tempus vel, pede.',NULL),(177,76,'Mrs','Aenean lectus. Pellentesque eget nunc. Donec quis orci eget orci vehicula condimentum.',NULL),(178,92,'Honorable','Curabitur in libero ut massa volutpat convallis. Morbi odio odio, elementum eu, interdum eu, tincidunt in, leo. Maecenas pulvinar lobortis est.',NULL),(179,30,'Honorable','Vestibulum quam sapien, varius ut, blandit non, interdum in, ante. Vestibulum ante ipsum primis in faucibus orci luctus et ultrices posuere cubilia Curae; Duis faucibus accumsan odio. Curabitur convallis.',NULL),(180,46,'Rev','Suspendisse potenti. In eleifend quam a odio. In hac habitasse platea dictumst.',NULL),(181,18,'Honorable','Curabitur at ipsum ac tellus semper interdum. Mauris ullamcorper purus sit amet nulla. Quisque arcu libero, rutrum ac, lobortis vel, dapibus at, diam.',NULL),(182,26,'Dr','Duis bibendum, felis sed interdum venenatis, turpis enim blandit mi, in porttitor pede justo eu massa. Donec dapibus. Duis at velit eu est congue elementum.',NULL),(183,22,'Rev','Pellentesque at nulla. Suspendisse potenti. Cras in purus eu magna vulputate luctus.',NULL),(184,78,'Mr','Cras mi pede, malesuada in, imperdiet et, commodo vulputate, justo. In blandit ultrices enim. Lorem ipsum dolor sit amet, consectetuer adipiscing elit.',NULL),(185,39,'Mr','Integer tincidunt ante vel ipsum. Praesent blandit lacinia erat. Vestibulum sed magna at nunc commodo placerat.',NULL),(186,26,'Dr','Maecenas ut massa quis augue luctus tincidunt. Nulla mollis molestie lorem. Quisque ut erat.',NULL),(187,53,'Mrs','Duis aliquam convallis nunc. Proin at turpis a pede posuere nonummy. Integer non velit.',NULL),(188,15,'Ms','Maecenas leo odio, condimentum id, luctus nec, molestie sed, justo. Pellentesque viverra pede ac diam. Cras pellentesque volutpat dui.',NULL),(189,36,'Ms','In hac habitasse platea dictumst. Morbi vestibulum, velit id pretium iaculis, diam erat fermentum justo, nec condimentum neque sapien placerat ante. Nulla justo.',NULL),(190,92,'Dr','Aliquam quis turpis eget elit sodales scelerisque. Mauris sit amet eros. Suspendisse accumsan tortor quis turpis.',NULL),(191,8,'Ms','Sed sagittis. Nam congue, risus semper porta volutpat, quam pede lobortis ligula, sit amet eleifend pede libero quis orci. Nullam molestie nibh in lectus.',NULL),(192,100,'Ms','Nullam porttitor lacus at turpis. Donec posuere metus vitae ipsum. Aliquam non mauris.',NULL),(193,75,'Dr','Lorem ipsum dolor sit amet, consectetuer adipiscing elit. Proin risus. Praesent lectus.',NULL),(194,82,'Mr','Vestibulum quam sapien, varius ut, blandit non, interdum in, ante. Vestibulum ante ipsum primis in faucibus orci luctus et ultrices posuere cubilia Curae; Duis faucibus accumsan odio. Curabitur convallis.',NULL),(195,19,'Ms','Aliquam quis turpis eget elit sodales scelerisque. Mauris sit amet eros. Suspendisse accumsan tortor quis turpis.',NULL),(196,87,'Honorable','Donec diam neque, vestibulum eget, vulputate ut, ultrices vel, augue. Vestibulum ante ipsum primis in faucibus orci luctus et ultrices posuere cubilia Curae; Donec pharetra, magna vestibulum aliquet ultrices, erat tortor sollicitudin mi, sit amet lobortis sapien sapien non mi. Integer ac neque.',NULL),(197,75,'Mrs','Aenean lectus. Pellentesque eget nunc. Donec quis orci eget orci vehicula condimentum.',NULL),(198,64,'Mrs','Sed sagittis. Nam congue, risus semper porta volutpat, quam pede lobortis ligula, sit amet eleifend pede libero quis orci. Nullam molestie nibh in lectus.',NULL),(199,100,'Dr','Nulla ut erat id mauris vulputate elementum. Nullam varius. Nulla facilisi.',NULL),(200,26,'Ms','Praesent blandit. Nam nulla. Integer pede justo, lacinia eget, tincidunt eget, tempus vel, pede.',NULL),(201,78,'Ms','Cum sociis natoque penatibus et magnis dis parturient montes, nascetur ridiculus mus. Vivamus vestibulum sagittis sapien. Cum sociis natoque penatibus et magnis dis parturient montes, nascetur ridiculus mus.',NULL),(202,16,'Ms','Proin leo odio, porttitor id, consequat in, consequat ut, nulla. Sed accumsan felis. Ut at dolor quis odio consequat varius.',NULL),(203,17,'Rev','Mauris enim leo, rhoncus sed, vestibulum sit amet, cursus id, turpis. Integer aliquet, massa id lobortis convallis, tortor risus dapibus augue, vel accumsan tellus nisi eu orci. Mauris lacinia sapien quis libero.',NULL),(204,69,'Mrs','Cras mi pede, malesuada in, imperdiet et, commodo vulputate, justo. In blandit ultrices enim. Lorem ipsum dolor sit amet, consectetuer adipiscing elit.',NULL),(205,50,'Dr','Pellentesque at nulla. Suspendisse potenti. Cras in purus eu magna vulputate luctus.',NULL),(206,17,'Honorable','Nulla ut erat id mauris vulputate elementum. Nullam varius. Nulla facilisi.',NULL),(207,84,'Mrs','In quis justo. Maecenas rhoncus aliquam lacus. Morbi quis tortor id nulla ultrices aliquet.',NULL),(208,94,'Honorable','Proin leo odio, porttitor id, consequat in, consequat ut, nulla. Sed accumsan felis. Ut at dolor quis odio consequat varius.',NULL),(209,19,'Ms','Quisque porta volutpat erat. Quisque erat eros, viverra eget, congue eget, semper rutrum, nulla. Nunc purus.',NULL),(210,40,'Mr','Pellentesque at nulla. Suspendisse potenti. Cras in purus eu magna vulputate luctus.',NULL),(211,75,'Mr','Duis bibendum. Morbi non quam nec dui luctus rutrum. Nulla tellus.',NULL),(212,23,'Mr','Curabitur in libero ut massa volutpat convallis. Morbi odio odio, elementum eu, interdum eu, tincidunt in, leo. Maecenas pulvinar lobortis est.',NULL),(213,19,'Rev','In congue. Etiam justo. Etiam pretium iaculis justo.',NULL),(214,79,'Mr','Nam ultrices, libero non mattis pulvinar, nulla pede ullamcorper augue, a suscipit nulla elit ac nulla. Sed vel enim sit amet nunc viverra dapibus. Nulla suscipit ligula in lacus.',NULL),(215,41,'Ms','Duis aliquam convallis nunc. Proin at turpis a pede posuere nonummy. Integer non velit.',NULL),(216,99,'Ms','Cum sociis natoque penatibus et magnis dis parturient montes, nascetur ridiculus mus. Vivamus vestibulum sagittis sapien. Cum sociis natoque penatibus et magnis dis parturient montes, nascetur ridiculus mus.',NULL),(217,46,'Dr','Integer ac leo. Pellentesque ultrices mattis odio. Donec vitae nisi.',NULL),(218,29,'Ms','Mauris enim leo, rhoncus sed, vestibulum sit amet, cursus id, turpis. Integer aliquet, massa id lobortis convallis, tortor risus dapibus augue, vel accumsan tellus nisi eu orci. Mauris lacinia sapien quis libero.',NULL),(219,71,'Honorable','Aenean lectus. Pellentesque eget nunc. Donec quis orci eget orci vehicula condimentum.',NULL),(220,55,'Honorable','Maecenas leo odio, condimentum id, luctus nec, molestie sed, justo. Pellentesque viverra pede ac diam. Cras pellentesque volutpat dui.',NULL),(221,5,'Mr','Praesent id massa id nisl venenatis lacinia. Aenean sit amet justo. Morbi ut odio.',NULL),(222,39,'Honorable','Curabitur in libero ut massa volutpat convallis. Morbi odio odio, elementum eu, interdum eu, tincidunt in, leo. Maecenas pulvinar lobortis est.',NULL),(223,45,'Mrs','Integer ac leo. Pellentesque ultrices mattis odio. Donec vitae nisi.',NULL),(224,89,'Dr','Fusce consequat. Nulla nisl. Nunc nisl.',NULL),(225,71,'Mr','Phasellus in felis. Donec semper sapien a libero. Nam dui.',NULL),(226,56,'Dr','Proin eu mi. Nulla ac enim. In tempor, turpis nec euismod scelerisque, quam turpis adipiscing lorem, vitae mattis nibh ligula nec sem.',NULL),(227,76,'Mr','Aliquam quis turpis eget elit sodales scelerisque. Mauris sit amet eros. Suspendisse accumsan tortor quis turpis.',NULL),(228,46,'Ms','Maecenas tristique, est et tempus semper, est quam pharetra magna, ac consequat metus sapien ut nunc. Vestibulum ante ipsum primis in faucibus orci luctus et ultrices posuere cubilia Curae; Mauris viverra diam vitae quam. Suspendisse potenti.',NULL),(229,8,'Rev','Nullam sit amet turpis elementum ligula vehicula consequat. Morbi a ipsum. Integer a nibh.',NULL),(230,88,'Honorable','In quis justo. Maecenas rhoncus aliquam lacus. Morbi quis tortor id nulla ultrices aliquet.',NULL),(231,1,'Honorable','Praesent blandit. Nam nulla. Integer pede justo, lacinia eget, tincidunt eget, tempus vel, pede.',NULL),(232,54,'Honorable','In quis justo. Maecenas rhoncus aliquam lacus. Morbi quis tortor id nulla ultrices aliquet.',NULL),(233,93,'Mr','Praesent blandit. Nam nulla. Integer pede justo, lacinia eget, tincidunt eget, tempus vel, pede.',NULL),(234,9,'Mrs','Suspendisse potenti. In eleifend quam a odio. In hac habitasse platea dictumst.',NULL),(235,77,'Ms','Maecenas tristique, est et tempus semper, est quam pharetra magna, ac consequat metus sapien ut nunc. Vestibulum ante ipsum primis in faucibus orci luctus et ultrices posuere cubilia Curae; Mauris viverra diam vitae quam. Suspendisse potenti.',NULL),(236,97,'Mr','Morbi porttitor lorem id ligula. Suspendisse ornare consequat lectus. In est risus, auctor sed, tristique in, tempus sit amet, sem.',NULL),(237,24,'Ms','Sed ante. Vivamus tortor. Duis mattis egestas metus.',NULL),(238,61,'Rev','Morbi porttitor lorem id ligula. Suspendisse ornare consequat lectus. In est risus, auctor sed, tristique in, tempus sit amet, sem.',NULL),(239,52,'Mr','Curabitur at ipsum ac tellus semper interdum. Mauris ullamcorper purus sit amet nulla. Quisque arcu libero, rutrum ac, lobortis vel, dapibus at, diam.',NULL),(240,26,'Honorable','Praesent id massa id nisl venenatis lacinia. Aenean sit amet justo. Morbi ut odio.',NULL),(241,32,'Mr','Cras non velit nec nisi vulputate nonummy. Maecenas tincidunt lacus at velit. Vivamus vel nulla eget eros elementum pellentesque.',NULL),(242,21,'Honorable','Donec diam neque, vestibulum eget, vulputate ut, ultrices vel, augue. Vestibulum ante ipsum primis in faucibus orci luctus et ultrices posuere cubilia Curae; Donec pharetra, magna vestibulum aliquet ultrices, erat tortor sollicitudin mi, sit amet lobortis sapien sapien non mi. Integer ac neque.',NULL),(243,12,'Rev','Quisque porta volutpat erat. Quisque erat eros, viverra eget, congue eget, semper rutrum, nulla. Nunc purus.',NULL),(244,36,'Dr','In congue. Etiam justo. Etiam pretium iaculis justo.',NULL),(245,28,'Ms','Nulla ut erat id mauris vulputate elementum. Nullam varius. Nulla facilisi.',NULL),(246,81,'Dr','Cras non velit nec nisi vulputate nonummy. Maecenas tincidunt lacus at velit. Vivamus vel nulla eget eros elementum pellentesque.',NULL),(247,41,'Ms','Nullam porttitor lacus at turpis. Donec posuere metus vitae ipsum. Aliquam non mauris.',NULL),(248,70,'Dr','Nulla ut erat id mauris vulputate elementum. Nullam varius. Nulla facilisi.',NULL),(249,2,'Mrs','Lorem ipsum dolor sit amet, consectetuer adipiscing elit. Proin risus. Praesent lectus.',NULL),(250,88,'Rev','Proin leo odio, porttitor id, consequat in, consequat ut, nulla. Sed accumsan felis. Ut at dolor quis odio consequat varius.',NULL),(251,8,'Dr','Duis bibendum. Morbi non quam nec dui luctus rutrum. Nulla tellus.',NULL),(252,7,'Dr','Morbi non lectus. Aliquam sit amet diam in magna bibendum imperdiet. Nullam orci pede, venenatis non, sodales sed, tincidunt eu, felis.',NULL),(253,37,'Mr','Aenean fermentum. Donec ut mauris eget massa tempor convallis. Nulla neque libero, convallis eget, eleifend luctus, ultricies eu, nibh.',NULL),(254,63,'Ms','Lorem ipsum dolor sit amet, consectetuer adipiscing elit. Proin risus. Praesent lectus.',NULL),(255,10,'Rev','Proin eu mi. Nulla ac enim. In tempor, turpis nec euismod scelerisque, quam turpis adipiscing lorem, vitae mattis nibh ligula nec sem.',NULL),(256,28,'Dr','Cras non velit nec nisi vulputate nonummy. Maecenas tincidunt lacus at velit. Vivamus vel nulla eget eros elementum pellentesque.',NULL),(257,38,'Ms','Cum sociis natoque penatibus et magnis dis parturient montes, nascetur ridiculus mus. Vivamus vestibulum sagittis sapien. Cum sociis natoque penatibus et magnis dis parturient montes, nascetur ridiculus mus.',NULL),(258,35,'Ms','Nullam sit amet turpis elementum ligula vehicula consequat. Morbi a ipsum. Integer a nibh.',NULL),(259,94,'Mrs','In hac habitasse platea dictumst. Etiam faucibus cursus urna. Ut tellus.',NULL),(260,48,'Ms','Curabitur at ipsum ac tellus semper interdum. Mauris ullamcorper purus sit amet nulla. Quisque arcu libero, rutrum ac, lobortis vel, dapibus at, diam.',NULL),(261,29,'Rev','Integer tincidunt ante vel ipsum. Praesent blandit lacinia erat. Vestibulum sed magna at nunc commodo placerat.',NULL),(262,56,'Mr','Nulla ut erat id mauris vulputate elementum. Nullam varius. Nulla facilisi.',NULL),(263,47,'Mrs','Phasellus in felis. Donec semper sapien a libero. Nam dui.',NULL),(264,12,'Mr','Integer tincidunt ante vel ipsum. Praesent blandit lacinia erat. Vestibulum sed magna at nunc commodo placerat.',NULL),(265,18,'Honorable','Vestibulum quam sapien, varius ut, blandit non, interdum in, ante. Vestibulum ante ipsum primis in faucibus orci luctus et ultrices posuere cubilia Curae; Duis faucibus accumsan odio. Curabitur convallis.',NULL),(266,58,'Mr','Vestibulum quam sapien, varius ut, blandit non, interdum in, ante. Vestibulum ante ipsum primis in faucibus orci luctus et ultrices posuere cubilia Curae; Duis faucibus accumsan odio. Curabitur convallis.',NULL),(267,57,'Mrs','Vestibulum quam sapien, varius ut, blandit non, interdum in, ante. Vestibulum ante ipsum primis in faucibus orci luctus et ultrices posuere cubilia Curae; Duis faucibus accumsan odio. Curabitur convallis.',NULL),(268,30,'Ms','Fusce consequat. Nulla nisl. Nunc nisl.',NULL),(269,67,'Mr','Curabitur gravida nisi at nibh. In hac habitasse platea dictumst. Aliquam augue quam, sollicitudin vitae, consectetuer eget, rutrum at, lorem.',NULL),(270,44,'Mrs','Cum sociis natoque penatibus et magnis dis parturient montes, nascetur ridiculus mus. Vivamus vestibulum sagittis sapien. Cum sociis natoque penatibus et magnis dis parturient montes, nascetur ridiculus mus.',NULL),(271,77,'Dr','Duis consequat dui nec nisi volutpat eleifend. Donec ut dolor. Morbi vel lectus in quam fringilla rhoncus.',NULL),(272,56,'Rev','Morbi non lectus. Aliquam sit amet diam in magna bibendum imperdiet. Nullam orci pede, venenatis non, sodales sed, tincidunt eu, felis.',NULL),(273,6,'Honorable','Morbi porttitor lorem id ligula. Suspendisse ornare consequat lectus. In est risus, auctor sed, tristique in, tempus sit amet, sem.',NULL),(274,15,'Dr','In quis justo. Maecenas rhoncus aliquam lacus. Morbi quis tortor id nulla ultrices aliquet.',NULL),(275,33,'Rev','Donec diam neque, vestibulum eget, vulputate ut, ultrices vel, augue. Vestibulum ante ipsum primis in faucibus orci luctus et ultrices posuere cubilia Curae; Donec pharetra, magna vestibulum aliquet ultrices, erat tortor sollicitudin mi, sit amet lobortis sapien sapien non mi. Integer ac neque.',NULL),(276,80,'Mrs','Curabitur gravida nisi at nibh. In hac habitasse platea dictumst. Aliquam augue quam, sollicitudin vitae, consectetuer eget, rutrum at, lorem.',NULL),(277,44,'Honorable','Maecenas tristique, est et tempus semper, est quam pharetra magna, ac consequat metus sapien ut nunc. Vestibulum ante ipsum primis in faucibus orci luctus et ultrices posuere cubilia Curae; Mauris viverra diam vitae quam. Suspendisse potenti.',NULL),(278,57,'Mrs','In congue. Etiam justo. Etiam pretium iaculis justo.',NULL),(279,81,'Mr','Fusce consequat. Nulla nisl. Nunc nisl.',NULL),(280,93,'Honorable','Maecenas tristique, est et tempus semper, est quam pharetra magna, ac consequat metus sapien ut nunc. Vestibulum ante ipsum primis in faucibus orci luctus et ultrices posuere cubilia Curae; Mauris viverra diam vitae quam. Suspendisse potenti.',NULL),(281,73,'Ms','Etiam vel augue. Vestibulum rutrum rutrum neque. Aenean auctor gravida sem.',NULL),(282,51,'Honorable','Duis aliquam convallis nunc. Proin at turpis a pede posuere nonummy. Integer non velit.',NULL),(283,52,'Rev','Nullam porttitor lacus at turpis. Donec posuere metus vitae ipsum. Aliquam non mauris.',NULL),(284,18,'Rev','Cras non velit nec nisi vulputate nonummy. Maecenas tincidunt lacus at velit. Vivamus vel nulla eget eros elementum pellentesque.',NULL),(285,15,'Dr','Fusce consequat. Nulla nisl. Nunc nisl.',NULL),(286,33,'Ms','Integer ac leo. Pellentesque ultrices mattis odio. Donec vitae nisi.',NULL),(287,32,'Honorable','Praesent id massa id nisl venenatis lacinia. Aenean sit amet justo. Morbi ut odio.',NULL),(288,74,'Dr','Nullam sit amet turpis elementum ligula vehicula consequat. Morbi a ipsum. Integer a nibh.',NULL),(289,23,'Mrs','Aenean fermentum. Donec ut mauris eget massa tempor convallis. Nulla neque libero, convallis eget, eleifend luctus, ultricies eu, nibh.',NULL),(290,5,'Honorable','Integer ac leo. Pellentesque ultrices mattis odio. Donec vitae nisi.',NULL),(291,63,'Rev','Maecenas ut massa quis augue luctus tincidunt. Nulla mollis molestie lorem. Quisque ut erat.',NULL),(292,92,'Honorable','Aliquam quis turpis eget elit sodales scelerisque. Mauris sit amet eros. Suspendisse accumsan tortor quis turpis.',NULL),(293,88,'Honorable','Praesent id massa id nisl venenatis lacinia. Aenean sit amet justo. Morbi ut odio.',NULL),(294,17,'Mrs','Fusce posuere felis sed lacus. Morbi sem mauris, laoreet ut, rhoncus aliquet, pulvinar sed, nisl. Nunc rhoncus dui vel sem.',NULL),(295,83,'Rev','Aenean fermentum. Donec ut mauris eget massa tempor convallis. Nulla neque libero, convallis eget, eleifend luctus, ultricies eu, nibh.',NULL),(296,56,'Ms','Maecenas ut massa quis augue luctus tincidunt. Nulla mollis molestie lorem. Quisque ut erat.',NULL),(297,93,'Mrs','Nulla ut erat id mauris vulputate elementum. Nullam varius. Nulla facilisi.',NULL),(298,13,'Ms','Proin interdum mauris non ligula pellentesque ultrices. Phasellus id sapien in sapien iaculis congue. Vivamus metus arcu, adipiscing molestie, hendrerit at, vulputate vitae, nisl.',NULL),(299,94,'Mrs','Aenean lectus. Pellentesque eget nunc. Donec quis orci eget orci vehicula condimentum.',NULL),(300,20,'Dr','Maecenas leo odio, condimentum id, luctus nec, molestie sed, justo. Pellentesque viverra pede ac diam. Cras pellentesque volutpat dui.',NULL),(301,4,'Mrs','Quisque id justo sit amet sapien dignissim vestibulum. Vestibulum ante ipsum primis in faucibus orci luctus et ultrices posuere cubilia Curae; Nulla dapibus dolor vel est. Donec odio justo, sollicitudin ut, suscipit a, feugiat et, eros.',NULL),(302,64,'Mrs','Cras non velit nec nisi vulputate nonummy. Maecenas tincidunt lacus at velit. Vivamus vel nulla eget eros elementum pellentesque.',NULL),(303,95,'Honorable','Integer tincidunt ante vel ipsum. Praesent blandit lacinia erat. Vestibulum sed magna at nunc commodo placerat.',NULL),(304,11,'Honorable','Aliquam quis turpis eget elit sodales scelerisque. Mauris sit amet eros. Suspendisse accumsan tortor quis turpis.',NULL),(305,57,'Rev','Quisque id justo sit amet sapien dignissim vestibulum. Vestibulum ante ipsum primis in faucibus orci luctus et ultrices posuere cubilia Curae; Nulla dapibus dolor vel est. Donec odio justo, sollicitudin ut, suscipit a, feugiat et, eros.',NULL),(306,3,'Rev','In congue. Etiam justo. Etiam pretium iaculis justo.',NULL),(307,34,'Rev','Praesent blandit. Nam nulla. Integer pede justo, lacinia eget, tincidunt eget, tempus vel, pede.',NULL),(308,57,'Mrs','Curabitur at ipsum ac tellus semper interdum. Mauris ullamcorper purus sit amet nulla. Quisque arcu libero, rutrum ac, lobortis vel, dapibus at, diam.',NULL),(309,55,'Ms','Maecenas leo odio, condimentum id, luctus nec, molestie sed, justo. Pellentesque viverra pede ac diam. Cras pellentesque volutpat dui.',NULL),(310,29,'Ms','Aliquam quis turpis eget elit sodales scelerisque. Mauris sit amet eros. Suspendisse accumsan tortor quis turpis.',NULL),(311,74,'Rev','In hac habitasse platea dictumst. Etiam faucibus cursus urna. Ut tellus.',NULL),(312,26,'Dr','Morbi non lectus. Aliquam sit amet diam in magna bibendum imperdiet. Nullam orci pede, venenatis non, sodales sed, tincidunt eu, felis.',NULL),(313,12,'Rev','Lorem ipsum dolor sit amet, consectetuer adipiscing elit. Proin risus. Praesent lectus.',NULL),(314,81,'Mrs','Maecenas tristique, est et tempus semper, est quam pharetra magna, ac consequat metus sapien ut nunc. Vestibulum ante ipsum primis in faucibus orci luctus et ultrices posuere cubilia Curae; Mauris viverra diam vitae quam. Suspendisse potenti.',NULL),(315,65,'Dr','Praesent id massa id nisl venenatis lacinia. Aenean sit amet justo. Morbi ut odio.',NULL),(316,37,'Dr','Praesent blandit. Nam nulla. Integer pede justo, lacinia eget, tincidunt eget, tempus vel, pede.',NULL),(317,9,'Mr','Sed sagittis. Nam congue, risus semper porta volutpat, quam pede lobortis ligula, sit amet eleifend pede libero quis orci. Nullam molestie nibh in lectus.',NULL),(318,63,'Dr','Maecenas leo odio, condimentum id, luctus nec, molestie sed, justo. Pellentesque viverra pede ac diam. Cras pellentesque volutpat dui.',NULL),(319,23,'Mrs','Pellentesque at nulla. Suspendisse potenti. Cras in purus eu magna vulputate luctus.',NULL),(320,65,'Mr','Suspendisse potenti. In eleifend quam a odio. In hac habitasse platea dictumst.',NULL),(321,69,'Ms','Duis consequat dui nec nisi volutpat eleifend. Donec ut dolor. Morbi vel lectus in quam fringilla rhoncus.',NULL),(322,100,'Honorable','Phasellus in felis. Donec semper sapien a libero. Nam dui.',NULL),(323,35,'Ms','Pellentesque at nulla. Suspendisse potenti. Cras in purus eu magna vulputate luctus.',NULL),(324,3,'Rev','Aenean lectus. Pellentesque eget nunc. Donec quis orci eget orci vehicula condimentum.',NULL),(325,8,'Dr','Sed ante. Vivamus tortor. Duis mattis egestas metus.',NULL),(326,8,'Dr','Maecenas tristique, est et tempus semper, est quam pharetra magna, ac consequat metus sapien ut nunc. Vestibulum ante ipsum primis in faucibus orci luctus et ultrices posuere cubilia Curae; Mauris viverra diam vitae quam. Suspendisse potenti.',NULL),(327,51,'Dr','Phasellus sit amet erat. Nulla tempus. Vivamus in felis eu sapien cursus vestibulum.',NULL),(328,19,'Rev','Aliquam quis turpis eget elit sodales scelerisque. Mauris sit amet eros. Suspendisse accumsan tortor quis turpis.',NULL),(329,61,'Mrs','In congue. Etiam justo. Etiam pretium iaculis justo.',NULL),(330,5,'Rev','Curabitur at ipsum ac tellus semper interdum. Mauris ullamcorper purus sit amet nulla. Quisque arcu libero, rutrum ac, lobortis vel, dapibus at, diam.',NULL),(331,71,'Honorable','In sagittis dui vel nisl. Duis ac nibh. Fusce lacus purus, aliquet at, feugiat non, pretium quis, lectus.',NULL),(332,60,'Mr','In hac habitasse platea dictumst. Etiam faucibus cursus urna. Ut tellus.',NULL),(333,81,'Ms','Nulla ut erat id mauris vulputate elementum. Nullam varius. Nulla facilisi.',NULL),(334,87,'Dr','Sed sagittis. Nam congue, risus semper porta volutpat, quam pede lobortis ligula, sit amet eleifend pede libero quis orci. Nullam molestie nibh in lectus.',NULL),(335,14,'Rev','Pellentesque at nulla. Suspendisse potenti. Cras in purus eu magna vulputate luctus.',NULL),(336,85,'Mrs','Pellentesque at nulla. Suspendisse potenti. Cras in purus eu magna vulputate luctus.',NULL),(337,69,'Ms','Cras mi pede, malesuada in, imperdiet et, commodo vulputate, justo. In blandit ultrices enim. Lorem ipsum dolor sit amet, consectetuer adipiscing elit.',NULL),(338,60,'Mr','Proin eu mi. Nulla ac enim. In tempor, turpis nec euismod scelerisque, quam turpis adipiscing lorem, vitae mattis nibh ligula nec sem.',NULL),(339,65,'Dr','Curabitur at ipsum ac tellus semper interdum. Mauris ullamcorper purus sit amet nulla. Quisque arcu libero, rutrum ac, lobortis vel, dapibus at, diam.',NULL),(340,65,'Rev','Maecenas ut massa quis augue luctus tincidunt. Nulla mollis molestie lorem. Quisque ut erat.',NULL),(341,16,'Ms','Curabitur in libero ut massa volutpat convallis. Morbi odio odio, elementum eu, interdum eu, tincidunt in, leo. Maecenas pulvinar lobortis est.',NULL),(342,76,'Mrs','Sed ante. Vivamus tortor. Duis mattis egestas metus.',NULL),(343,66,'Honorable','Quisque porta volutpat erat. Quisque erat eros, viverra eget, congue eget, semper rutrum, nulla. Nunc purus.',NULL),(344,11,'Honorable','Sed sagittis. Nam congue, risus semper porta volutpat, quam pede lobortis ligula, sit amet eleifend pede libero quis orci. Nullam molestie nibh in lectus.',NULL),(345,28,'Ms','Cras mi pede, malesuada in, imperdiet et, commodo vulputate, justo. In blandit ultrices enim. Lorem ipsum dolor sit amet, consectetuer adipiscing elit.',NULL),(346,9,'Dr','In sagittis dui vel nisl. Duis ac nibh. Fusce lacus purus, aliquet at, feugiat non, pretium quis, lectus.',NULL),(347,23,'Dr','Nulla ut erat id mauris vulputate elementum. Nullam varius. Nulla facilisi.',NULL),(348,77,'Dr','In congue. Etiam justo. Etiam pretium iaculis justo.',NULL),(349,24,'Mrs','Praesent id massa id nisl venenatis lacinia. Aenean sit amet justo. Morbi ut odio.',NULL),(350,14,'Honorable','Duis bibendum, felis sed interdum venenatis, turpis enim blandit mi, in porttitor pede justo eu massa. Donec dapibus. Duis at velit eu est congue elementum.',NULL),(351,84,'Mr','Donec diam neque, vestibulum eget, vulputate ut, ultrices vel, augue. Vestibulum ante ipsum primis in faucibus orci luctus et ultrices posuere cubilia Curae; Donec pharetra, magna vestibulum aliquet ultrices, erat tortor sollicitudin mi, sit amet lobortis sapien sapien non mi. Integer ac neque.',NULL),(352,16,'Dr','Aenean fermentum. Donec ut mauris eget massa tempor convallis. Nulla neque libero, convallis eget, eleifend luctus, ultricies eu, nibh.',NULL),(353,90,'Rev','Phasellus in felis. Donec semper sapien a libero. Nam dui.',NULL),(354,92,'Dr','In hac habitasse platea dictumst. Etiam faucibus cursus urna. Ut tellus.',NULL),(355,17,'Honorable','Fusce posuere felis sed lacus. Morbi sem mauris, laoreet ut, rhoncus aliquet, pulvinar sed, nisl. Nunc rhoncus dui vel sem.',NULL),(356,70,'Dr','Duis bibendum, felis sed interdum venenatis, turpis enim blandit mi, in porttitor pede justo eu massa. Donec dapibus. Duis at velit eu est congue elementum.',NULL),(357,83,'Ms','Proin eu mi. Nulla ac enim. In tempor, turpis nec euismod scelerisque, quam turpis adipiscing lorem, vitae mattis nibh ligula nec sem.',NULL),(358,16,'Rev','Praesent blandit. Nam nulla. Integer pede justo, lacinia eget, tincidunt eget, tempus vel, pede.',NULL),(359,50,'Ms','Cras non velit nec nisi vulputate nonummy. Maecenas tincidunt lacus at velit. Vivamus vel nulla eget eros elementum pellentesque.',NULL),(360,82,'Mrs','Sed sagittis. Nam congue, risus semper porta volutpat, quam pede lobortis ligula, sit amet eleifend pede libero quis orci. Nullam molestie nibh in lectus.',NULL),(361,61,'Ms','Vestibulum ac est lacinia nisi venenatis tristique. Fusce congue, diam id ornare imperdiet, sapien urna pretium nisl, ut volutpat sapien arcu sed augue. Aliquam erat volutpat.',NULL),(362,62,'Rev','Duis aliquam convallis nunc. Proin at turpis a pede posuere nonummy. Integer non velit.',NULL),(363,3,'Ms','Nulla ut erat id mauris vulputate elementum. Nullam varius. Nulla facilisi.',NULL),(364,97,'Mr','Integer tincidunt ante vel ipsum. Praesent blandit lacinia erat. Vestibulum sed magna at nunc commodo placerat.',NULL),(365,17,'Dr','Cras mi pede, malesuada in, imperdiet et, commodo vulputate, justo. In blandit ultrices enim. Lorem ipsum dolor sit amet, consectetuer adipiscing elit.',NULL),(366,28,'Dr','Proin leo odio, porttitor id, consequat in, consequat ut, nulla. Sed accumsan felis. Ut at dolor quis odio consequat varius.',NULL),(367,94,'Dr','In sagittis dui vel nisl. Duis ac nibh. Fusce lacus purus, aliquet at, feugiat non, pretium quis, lectus.',NULL),(368,79,'Ms','Maecenas leo odio, condimentum id, luctus nec, molestie sed, justo. Pellentesque viverra pede ac diam. Cras pellentesque volutpat dui.',NULL),(369,35,'Ms','Sed ante. Vivamus tortor. Duis mattis egestas metus.',NULL),(370,26,'Mr','Quisque porta volutpat erat. Quisque erat eros, viverra eget, congue eget, semper rutrum, nulla. Nunc purus.',NULL),(371,45,'Honorable','Curabitur gravida nisi at nibh. In hac habitasse platea dictumst. Aliquam augue quam, sollicitudin vitae, consectetuer eget, rutrum at, lorem.',NULL),(372,76,'Mrs','Nulla ut erat id mauris vulputate elementum. Nullam varius. Nulla facilisi.',NULL),(373,95,'Mr','In congue. Etiam justo. Etiam pretium iaculis justo.',NULL),(374,95,'Ms','Proin interdum mauris non ligula pellentesque ultrices. Phasellus id sapien in sapien iaculis congue. Vivamus metus arcu, adipiscing molestie, hendrerit at, vulputate vitae, nisl.',NULL),(375,57,'Mrs','Nullam sit amet turpis elementum ligula vehicula consequat. Morbi a ipsum. Integer a nibh.',NULL),(376,3,'Mr','Lorem ipsum dolor sit amet, consectetuer adipiscing elit. Proin risus. Praesent lectus.',NULL),(377,93,'Rev','Suspendisse potenti. In eleifend quam a odio. In hac habitasse platea dictumst.',NULL),(378,27,'Honorable','Aenean lectus. Pellentesque eget nunc. Donec quis orci eget orci vehicula condimentum.',NULL),(379,28,'Dr','Integer tincidunt ante vel ipsum. Praesent blandit lacinia erat. Vestibulum sed magna at nunc commodo placerat.',NULL),(380,60,'Dr','Etiam vel augue. Vestibulum rutrum rutrum neque. Aenean auctor gravida sem.',NULL),(381,1,'Rev','Quisque id justo sit amet sapien dignissim vestibulum. Vestibulum ante ipsum primis in faucibus orci luctus et ultrices posuere cubilia Curae; Nulla dapibus dolor vel est. Donec odio justo, sollicitudin ut, suscipit a, feugiat et, eros.',NULL),(382,24,'Rev','Sed sagittis. Nam congue, risus semper porta volutpat, quam pede lobortis ligula, sit amet eleifend pede libero quis orci. Nullam molestie nibh in lectus.',NULL),(383,89,'Rev','Phasellus in felis. Donec semper sapien a libero. Nam dui.',NULL),(384,91,'Ms','Aenean fermentum. Donec ut mauris eget massa tempor convallis. Nulla neque libero, convallis eget, eleifend luctus, ultricies eu, nibh.',NULL),(385,57,'Honorable','Aliquam quis turpis eget elit sodales scelerisque. Mauris sit amet eros. Suspendisse accumsan tortor quis turpis.',NULL),(386,25,'Dr','Proin interdum mauris non ligula pellentesque ultrices. Phasellus id sapien in sapien iaculis congue. Vivamus metus arcu, adipiscing molestie, hendrerit at, vulputate vitae, nisl.',NULL),(387,32,'Ms','Aliquam quis turpis eget elit sodales scelerisque. Mauris sit amet eros. Suspendisse accumsan tortor quis turpis.',NULL),(388,46,'Mr','Quisque porta volutpat erat. Quisque erat eros, viverra eget, congue eget, semper rutrum, nulla. Nunc purus.',NULL),(389,53,'Honorable','Sed sagittis. Nam congue, risus semper porta volutpat, quam pede lobortis ligula, sit amet eleifend pede libero quis orci. Nullam molestie nibh in lectus.',NULL),(390,12,'Mr','Curabitur at ipsum ac tellus semper interdum. Mauris ullamcorper purus sit amet nulla. Quisque arcu libero, rutrum ac, lobortis vel, dapibus at, diam.',NULL),(391,77,'Honorable','In sagittis dui vel nisl. Duis ac nibh. Fusce lacus purus, aliquet at, feugiat non, pretium quis, lectus.',NULL),(392,20,'Rev','Cras mi pede, malesuada in, imperdiet et, commodo vulputate, justo. In blandit ultrices enim. Lorem ipsum dolor sit amet, consectetuer adipiscing elit.',NULL),(393,4,'Honorable','Aenean lectus. Pellentesque eget nunc. Donec quis orci eget orci vehicula condimentum.',NULL),(394,69,'Mrs','Fusce consequat. Nulla nisl. Nunc nisl.',NULL),(395,100,'Mr','Lorem ipsum dolor sit amet, consectetuer adipiscing elit. Proin risus. Praesent lectus.',NULL),(396,64,'Honorable','Curabitur gravida nisi at nibh. In hac habitasse platea dictumst. Aliquam augue quam, sollicitudin vitae, consectetuer eget, rutrum at, lorem.',NULL),(397,54,'Dr','Morbi non lectus. Aliquam sit amet diam in magna bibendum imperdiet. Nullam orci pede, venenatis non, sodales sed, tincidunt eu, felis.',NULL),(398,88,'Mrs','In sagittis dui vel nisl. Duis ac nibh. Fusce lacus purus, aliquet at, feugiat non, pretium quis, lectus.',NULL),(399,57,'Honorable','Morbi porttitor lorem id ligula. Suspendisse ornare consequat lectus. In est risus, auctor sed, tristique in, tempus sit amet, sem.',NULL),(400,29,'Rev','Curabitur at ipsum ac tellus semper interdum. Mauris ullamcorper purus sit amet nulla. Quisque arcu libero, rutrum ac, lobortis vel, dapibus at, diam.',NULL),(401,24,'Ms','Lorem ipsum dolor sit amet, consectetuer adipiscing elit. Proin risus. Praesent lectus.',NULL),(402,11,'Mr','Cum sociis natoque penatibus et magnis dis parturient montes, nascetur ridiculus mus. Vivamus vestibulum sagittis sapien. Cum sociis natoque penatibus et magnis dis parturient montes, nascetur ridiculus mus.',NULL),(403,26,'Rev','Nullam sit amet turpis elementum ligula vehicula consequat. Morbi a ipsum. Integer a nibh.',NULL),(404,51,'Honorable','Mauris enim leo, rhoncus sed, vestibulum sit amet, cursus id, turpis. Integer aliquet, massa id lobortis convallis, tortor risus dapibus augue, vel accumsan tellus nisi eu orci. Mauris lacinia sapien quis libero.',NULL),(405,42,'Dr','Proin leo odio, porttitor id, consequat in, consequat ut, nulla. Sed accumsan felis. Ut at dolor quis odio consequat varius.',NULL),(406,73,'Mr','Maecenas ut massa quis augue luctus tincidunt. Nulla mollis molestie lorem. Quisque ut erat.',NULL),(407,15,'Ms','Duis aliquam convallis nunc. Proin at turpis a pede posuere nonummy. Integer non velit.',NULL),(408,19,'Honorable','Curabitur in libero ut massa volutpat convallis. Morbi odio odio, elementum eu, interdum eu, tincidunt in, leo. Maecenas pulvinar lobortis est.',NULL),(409,85,'Dr','Fusce consequat. Nulla nisl. Nunc nisl.',NULL),(410,65,'Honorable','Lorem ipsum dolor sit amet, consectetuer adipiscing elit. Proin risus. Praesent lectus.',NULL),(411,83,'Mrs','Suspendisse potenti. In eleifend quam a odio. In hac habitasse platea dictumst.',NULL),(412,71,'Ms','Vestibulum ac est lacinia nisi venenatis tristique. Fusce congue, diam id ornare imperdiet, sapien urna pretium nisl, ut volutpat sapien arcu sed augue. Aliquam erat volutpat.',NULL),(413,69,'Ms','Vestibulum ac est lacinia nisi venenatis tristique. Fusce congue, diam id ornare imperdiet, sapien urna pretium nisl, ut volutpat sapien arcu sed augue. Aliquam erat volutpat.',NULL),(414,91,'Dr','Quisque id justo sit amet sapien dignissim vestibulum. Vestibulum ante ipsum primis in faucibus orci luctus et ultrices posuere cubilia Curae; Nulla dapibus dolor vel est. Donec odio justo, sollicitudin ut, suscipit a, feugiat et, eros.',NULL),(415,15,'Rev','Phasellus in felis. Donec semper sapien a libero. Nam dui.',NULL),(416,29,'Rev','Donec diam neque, vestibulum eget, vulputate ut, ultrices vel, augue. Vestibulum ante ipsum primis in faucibus orci luctus et ultrices posuere cubilia Curae; Donec pharetra, magna vestibulum aliquet ultrices, erat tortor sollicitudin mi, sit amet lobortis sapien sapien non mi. Integer ac neque.',NULL),(417,20,'Honorable','Lorem ipsum dolor sit amet, consectetuer adipiscing elit. Proin risus. Praesent lectus.',NULL),(418,11,'Dr','Proin interdum mauris non ligula pellentesque ultrices. Phasellus id sapien in sapien iaculis congue. Vivamus metus arcu, adipiscing molestie, hendrerit at, vulputate vitae, nisl.',NULL),(419,41,'Honorable','Aenean lectus. Pellentesque eget nunc. Donec quis orci eget orci vehicula condimentum.',NULL),(420,100,'Rev','Cum sociis natoque penatibus et magnis dis parturient montes, nascetur ridiculus mus. Vivamus vestibulum sagittis sapien. Cum sociis natoque penatibus et magnis dis parturient montes, nascetur ridiculus mus.',NULL),(421,34,'Ms','In quis justo. Maecenas rhoncus aliquam lacus. Morbi quis tortor id nulla ultrices aliquet.',NULL),(422,4,'Rev','Mauris enim leo, rhoncus sed, vestibulum sit amet, cursus id, turpis. Integer aliquet, massa id lobortis convallis, tortor risus dapibus augue, vel accumsan tellus nisi eu orci. Mauris lacinia sapien quis libero.',NULL),(423,83,'Honorable','Donec diam neque, vestibulum eget, vulputate ut, ultrices vel, augue. Vestibulum ante ipsum primis in faucibus orci luctus et ultrices posuere cubilia Curae; Donec pharetra, magna vestibulum aliquet ultrices, erat tortor sollicitudin mi, sit amet lobortis sapien sapien non mi. Integer ac neque.',NULL),(424,26,'Dr','In hac habitasse platea dictumst. Etiam faucibus cursus urna. Ut tellus.',NULL),(425,19,'Mrs','In hac habitasse platea dictumst. Morbi vestibulum, velit id pretium iaculis, diam erat fermentum justo, nec condimentum neque sapien placerat ante. Nulla justo.',NULL),(426,2,'Rev','In hac habitasse platea dictumst. Morbi vestibulum, velit id pretium iaculis, diam erat fermentum justo, nec condimentum neque sapien placerat ante. Nulla justo.',NULL),(427,44,'Mrs','Nullam porttitor lacus at turpis. Donec posuere metus vitae ipsum. Aliquam non mauris.',NULL),(428,78,'Mr','Quisque id justo sit amet sapien dignissim vestibulum. Vestibulum ante ipsum primis in faucibus orci luctus et ultrices posuere cubilia Curae; Nulla dapibus dolor vel est. Donec odio justo, sollicitudin ut, suscipit a, feugiat et, eros.',NULL),(429,52,'Ms','Suspendisse potenti. In eleifend quam a odio. In hac habitasse platea dictumst.',NULL),(430,5,'Mr','Pellentesque at nulla. Suspendisse potenti. Cras in purus eu magna vulputate luctus.',NULL),(431,12,'Honorable','Lorem ipsum dolor sit amet, consectetuer adipiscing elit. Proin risus. Praesent lectus.',NULL),(432,100,'Rev','Praesent blandit. Nam nulla. Integer pede justo, lacinia eget, tincidunt eget, tempus vel, pede.',NULL),(433,2,'Dr','Morbi non lectus. Aliquam sit amet diam in magna bibendum imperdiet. Nullam orci pede, venenatis non, sodales sed, tincidunt eu, felis.',NULL),(434,80,'Ms','Vestibulum quam sapien, varius ut, blandit non, interdum in, ante. Vestibulum ante ipsum primis in faucibus orci luctus et ultrices posuere cubilia Curae; Duis faucibus accumsan odio. Curabitur convallis.',NULL),(435,73,'Ms','Proin interdum mauris non ligula pellentesque ultrices. Phasellus id sapien in sapien iaculis congue. Vivamus metus arcu, adipiscing molestie, hendrerit at, vulputate vitae, nisl.',NULL),(436,70,'Mr','Proin interdum mauris non ligula pellentesque ultrices. Phasellus id sapien in sapien iaculis congue. Vivamus metus arcu, adipiscing molestie, hendrerit at, vulputate vitae, nisl.',NULL),(437,62,'Rev','Curabitur gravida nisi at nibh. In hac habitasse platea dictumst. Aliquam augue quam, sollicitudin vitae, consectetuer eget, rutrum at, lorem.',NULL),(438,23,'Honorable','Aenean lectus. Pellentesque eget nunc. Donec quis orci eget orci vehicula condimentum.',NULL),(439,10,'Ms','Nam ultrices, libero non mattis pulvinar, nulla pede ullamcorper augue, a suscipit nulla elit ac nulla. Sed vel enim sit amet nunc viverra dapibus. Nulla suscipit ligula in lacus.',NULL),(440,88,'Mr','Fusce consequat. Nulla nisl. Nunc nisl.',NULL),(441,69,'Honorable','Vestibulum quam sapien, varius ut, blandit non, interdum in, ante. Vestibulum ante ipsum primis in faucibus orci luctus et ultrices posuere cubilia Curae; Duis faucibus accumsan odio. Curabitur convallis.',NULL),(442,96,'Ms','Praesent id massa id nisl venenatis lacinia. Aenean sit amet justo. Morbi ut odio.',NULL),(443,16,'Rev','Cras mi pede, malesuada in, imperdiet et, commodo vulputate, justo. In blandit ultrices enim. Lorem ipsum dolor sit amet, consectetuer adipiscing elit.',NULL),(444,85,'Mr','Nam ultrices, libero non mattis pulvinar, nulla pede ullamcorper augue, a suscipit nulla elit ac nulla. Sed vel enim sit amet nunc viverra dapibus. Nulla suscipit ligula in lacus.',NULL),(445,65,'Ms','In congue. Etiam justo. Etiam pretium iaculis justo.',NULL),(446,36,'Mrs','Aenean fermentum. Donec ut mauris eget massa tempor convallis. Nulla neque libero, convallis eget, eleifend luctus, ultricies eu, nibh.',NULL),(447,91,'Rev','Quisque porta volutpat erat. Quisque erat eros, viverra eget, congue eget, semper rutrum, nulla. Nunc purus.',NULL),(448,74,'Ms','Phasellus in felis. Donec semper sapien a libero. Nam dui.',NULL),(449,32,'Honorable','Praesent id massa id nisl venenatis lacinia. Aenean sit amet justo. Morbi ut odio.',NULL),(450,87,'Ms','Duis aliquam convallis nunc. Proin at turpis a pede posuere nonummy. Integer non velit.',NULL),(451,52,'Rev','Aenean fermentum. Donec ut mauris eget massa tempor convallis. Nulla neque libero, convallis eget, eleifend luctus, ultricies eu, nibh.',NULL),(452,62,'Mrs','In sagittis dui vel nisl. Duis ac nibh. Fusce lacus purus, aliquet at, feugiat non, pretium quis, lectus.',NULL),(453,93,'Dr','Maecenas ut massa quis augue luctus tincidunt. Nulla mollis molestie lorem. Quisque ut erat.',NULL),(454,68,'Rev','Fusce consequat. Nulla nisl. Nunc nisl.',NULL),(455,84,'Mr','Duis aliquam convallis nunc. Proin at turpis a pede posuere nonummy. Integer non velit.',NULL),(456,11,'Ms','Vestibulum ac est lacinia nisi venenatis tristique. Fusce congue, diam id ornare imperdiet, sapien urna pretium nisl, ut volutpat sapien arcu sed augue. Aliquam erat volutpat.',NULL),(457,55,'Rev','Maecenas tristique, est et tempus semper, est quam pharetra magna, ac consequat metus sapien ut nunc. Vestibulum ante ipsum primis in faucibus orci luctus et ultrices posuere cubilia Curae; Mauris viverra diam vitae quam. Suspendisse potenti.',NULL),(458,99,'Mrs','Nulla ut erat id mauris vulputate elementum. Nullam varius. Nulla facilisi.',NULL),(459,10,'Mrs','Quisque id justo sit amet sapien dignissim vestibulum. Vestibulum ante ipsum primis in faucibus orci luctus et ultrices posuere cubilia Curae; Nulla dapibus dolor vel est. Donec odio justo, sollicitudin ut, suscipit a, feugiat et, eros.',NULL),(460,16,'Ms','Duis bibendum. Morbi non quam nec dui luctus rutrum. Nulla tellus.',NULL),(461,73,'Honorable','Fusce posuere felis sed lacus. Morbi sem mauris, laoreet ut, rhoncus aliquet, pulvinar sed, nisl. Nunc rhoncus dui vel sem.',NULL),(462,91,'Mr','Phasellus in felis. Donec semper sapien a libero. Nam dui.',NULL),(463,25,'Dr','Aliquam quis turpis eget elit sodales scelerisque. Mauris sit amet eros. Suspendisse accumsan tortor quis turpis.',NULL),(464,30,'Mr','Nullam sit amet turpis elementum ligula vehicula consequat. Morbi a ipsum. Integer a nibh.',NULL),(465,50,'Dr','Fusce consequat. Nulla nisl. Nunc nisl.',NULL),(466,86,'Dr','Aliquam quis turpis eget elit sodales scelerisque. Mauris sit amet eros. Suspendisse accumsan tortor quis turpis.',NULL),(467,87,'Ms','Fusce consequat. Nulla nisl. Nunc nisl.',NULL),(468,52,'Ms','Aenean fermentum. Donec ut mauris eget massa tempor convallis. Nulla neque libero, convallis eget, eleifend luctus, ultricies eu, nibh.',NULL),(469,87,'Dr','Proin interdum mauris non ligula pellentesque ultrices. Phasellus id sapien in sapien iaculis congue. Vivamus metus arcu, adipiscing molestie, hendrerit at, vulputate vitae, nisl.',NULL),(470,60,'Ms','Mauris enim leo, rhoncus sed, vestibulum sit amet, cursus id, turpis. Integer aliquet, massa id lobortis convallis, tortor risus dapibus augue, vel accumsan tellus nisi eu orci. Mauris lacinia sapien quis libero.',NULL),(471,64,'Dr','Lorem ipsum dolor sit amet, consectetuer adipiscing elit. Proin risus. Praesent lectus.',NULL),(472,62,'Rev','Duis bibendum. Morbi non quam nec dui luctus rutrum. Nulla tellus.',NULL),(473,59,'Mrs','Donec diam neque, vestibulum eget, vulputate ut, ultrices vel, augue. Vestibulum ante ipsum primis in faucibus orci luctus et ultrices posuere cubilia Curae; Donec pharetra, magna vestibulum aliquet ultrices, erat tortor sollicitudin mi, sit amet lobortis sapien sapien non mi. Integer ac neque.',NULL),(474,93,'Mrs','Nullam porttitor lacus at turpis. Donec posuere metus vitae ipsum. Aliquam non mauris.',NULL),(475,97,'Mr','Duis bibendum. Morbi non quam nec dui luctus rutrum. Nulla tellus.',NULL),(476,61,'Ms','Cras non velit nec nisi vulputate nonummy. Maecenas tincidunt lacus at velit. Vivamus vel nulla eget eros elementum pellentesque.',NULL),(477,15,'Rev','Nullam sit amet turpis elementum ligula vehicula consequat. Morbi a ipsum. Integer a nibh.',NULL),(478,100,'Dr','In sagittis dui vel nisl. Duis ac nibh. Fusce lacus purus, aliquet at, feugiat non, pretium quis, lectus.',NULL),(479,62,'Dr','Integer tincidunt ante vel ipsum. Praesent blandit lacinia erat. Vestibulum sed magna at nunc commodo placerat.',NULL),(480,82,'Honorable','Donec diam neque, vestibulum eget, vulputate ut, ultrices vel, augue. Vestibulum ante ipsum primis in faucibus orci luctus et ultrices posuere cubilia Curae; Donec pharetra, magna vestibulum aliquet ultrices, erat tortor sollicitudin mi, sit amet lobortis sapien sapien non mi. Integer ac neque.',NULL),(481,89,'Dr','Proin interdum mauris non ligula pellentesque ultrices. Phasellus id sapien in sapien iaculis congue. Vivamus metus arcu, adipiscing molestie, hendrerit at, vulputate vitae, nisl.',NULL),(482,1,'Rev','Duis aliquam convallis nunc. Proin at turpis a pede posuere nonummy. Integer non velit.',NULL),(483,75,'Rev','Cum sociis natoque penatibus et magnis dis parturient montes, nascetur ridiculus mus. Vivamus vestibulum sagittis sapien. Cum sociis natoque penatibus et magnis dis parturient montes, nascetur ridiculus mus.',NULL),(484,18,'Mr','In congue. Etiam justo. Etiam pretium iaculis justo.',NULL),(485,83,'Rev','Aenean lectus. Pellentesque eget nunc. Donec quis orci eget orci vehicula condimentum.',NULL),(486,40,'Honorable','In congue. Etiam justo. Etiam pretium iaculis justo.',NULL),(487,1,'Ms','Suspendisse potenti. In eleifend quam a odio. In hac habitasse platea dictumst.',NULL),(488,51,'Mrs','Morbi non lectus. Aliquam sit amet diam in magna bibendum imperdiet. Nullam orci pede, venenatis non, sodales sed, tincidunt eu, felis.',NULL),(489,20,'Dr','Maecenas ut massa quis augue luctus tincidunt. Nulla mollis molestie lorem. Quisque ut erat.',NULL),(490,29,'Mr','Proin eu mi. Nulla ac enim. In tempor, turpis nec euismod scelerisque, quam turpis adipiscing lorem, vitae mattis nibh ligula nec sem.',NULL),(491,59,'Ms','Sed ante. Vivamus tortor. Duis mattis egestas metus.',NULL),(492,55,'Rev','Duis bibendum, felis sed interdum venenatis, turpis enim blandit mi, in porttitor pede justo eu massa. Donec dapibus. Duis at velit eu est congue elementum.',NULL),(493,28,'Mrs','Maecenas ut massa quis augue luctus tincidunt. Nulla mollis molestie lorem. Quisque ut erat.',NULL),(494,41,'Mrs','Cras mi pede, malesuada in, imperdiet et, commodo vulputate, justo. In blandit ultrices enim. Lorem ipsum dolor sit amet, consectetuer adipiscing elit.',NULL),(495,66,'Ms','Vestibulum quam sapien, varius ut, blandit non, interdum in, ante. Vestibulum ante ipsum primis in faucibus orci luctus et ultrices posuere cubilia Curae; Duis faucibus accumsan odio. Curabitur convallis.',NULL),(496,63,'Ms','Praesent id massa id nisl venenatis lacinia. Aenean sit amet justo. Morbi ut odio.',NULL),(497,100,'Rev','Curabitur gravida nisi at nibh. In hac habitasse platea dictumst. Aliquam augue quam, sollicitudin vitae, consectetuer eget, rutrum at, lorem.',NULL),(498,9,'Honorable','Cras non velit nec nisi vulputate nonummy. Maecenas tincidunt lacus at velit. Vivamus vel nulla eget eros elementum pellentesque.',NULL),(499,79,'Mr','Praesent blandit. Nam nulla. Integer pede justo, lacinia eget, tincidunt eget, tempus vel, pede.',NULL),(500,26,'Rev','Integer tincidunt ante vel ipsum. Praesent blandit lacinia erat. Vestibulum sed magna at nunc commodo placerat.',NULL);
/*!40000 ALTER TABLE `comment` ENABLE KEYS */;
UNLOCK TABLES;

--
-- Table structure for table `post`
--

DROP TABLE IF EXISTS `post`;
/*!40101 SET @saved_cs_client     = @@character_set_client */;
/*!50503 SET character_set_client = utf8mb4 */;
CREATE TABLE `post` (
  `user_id` int NOT NULL,
  `title` varchar(100) NOT NULL,
  `body` text NOT NULL
) ENGINE=InnoDB DEFAULT CHARSET=utf8mb4 COLLATE=utf8mb4_0900_ai_ci;
/*!40101 SET character_set_client = @saved_cs_client */;

--
-- Dumping data for table `post`
--

LOCK TABLES `post` WRITE;
/*!40000 ALTER TABLE `post` DISABLE KEYS */;
INSERT INTO `post` VALUES (3,'Dragon Fist (Long quan)','Quisque id justo sit amet sapien dignissim vestibulum. Vestibulum ante ipsum primis in faucibus orci luctus et ultrices posuere cubilia Curae; Nulla dapibus dolor vel est. Donec odio justo, sollicitudin ut, suscipit a, feugiat et, eros.\n\nVestibulum ac est lacinia nisi venenatis tristique. Fusce congue, diam id ornare imperdiet, sapien urna pretium nisl, ut volutpat sapien arcu sed augue. Aliquam erat volutpat.'),(7,'Ida','Pellentesque at nulla. Suspendisse potenti. Cras in purus eu magna vulputate luctus.\n\nCum sociis natoque penatibus et magnis dis parturient montes, nascetur ridiculus mus. Vivamus vestibulum sagittis sapien. Cum sociis natoque penatibus et magnis dis parturient montes, nascetur ridiculus mus.'),(10,'Fast and the Furious, The','Praesent blandit. Nam nulla. Integer pede justo, lacinia eget, tincidunt eget, tempus vel, pede.\n\nMorbi porttitor lorem id ligula. Suspendisse ornare consequat lectus. In est risus, auctor sed, tristique in, tempus sit amet, sem.\n\nFusce consequat. Nulla nisl. Nunc nisl.'),(62,'Richard III','In hac habitasse platea dictumst. Morbi vestibulum, velit id pretium iaculis, diam erat fermentum justo, nec condimentum neque sapien placerat ante. Nulla justo.\n\nAliquam quis turpis eget elit sodales scelerisque. Mauris sit amet eros. Suspendisse accumsan tortor quis turpis.'),(85,'Old Dark House, The','In hac habitasse platea dictumst. Morbi vestibulum, velit id pretium iaculis, diam erat fermentum justo, nec condimentum neque sapien placerat ante. Nulla justo.\n\nAliquam quis turpis eget elit sodales scelerisque. Mauris sit amet eros. Suspendisse accumsan tortor quis turpis.'),(98,'Ugly','Cras mi pede, malesuada in, imperdiet et, commodo vulputate, justo. In blandit ultrices enim. Lorem ipsum dolor sit amet, consectetuer adipiscing elit.\n\nProin interdum mauris non ligula pellentesque ultrices. Phasellus id sapien in sapien iaculis congue. Vivamus metus arcu, adipiscing molestie, hendrerit at, vulputate vitae, nisl.\n\nAenean lectus. Pellentesque eget nunc. Donec quis orci eget orci vehicula condimentum.'),(10,'Fast and the Furious, The','Praesent blandit. Nam nulla. Integer pede justo, lacinia eget, tincidunt eget, tempus vel, pede.\n\nMorbi porttitor lorem id ligula. Suspendisse ornare consequat lectus. In est risus, auctor sed, tristique in, tempus sit amet, sem.\n\nFusce consequat. Nulla nisl. Nunc nisl.'),(3,'Dragon Fist (Long quan)','Quisque id justo sit amet sapien dignissim vestibulum. Vestibulum ante ipsum primis in faucibus orci luctus et ultrices posuere cubilia Curae; Nulla dapibus dolor vel est. Donec odio justo, sollicitudin ut, suscipit a, feugiat et, eros.\n\nVestibulum ac est lacinia nisi venenatis tristique. Fusce congue, diam id ornare imperdiet, sapien urna pretium nisl, ut volutpat sapien arcu sed augue. Aliquam erat volutpat.'),(7,'Ida','Pellentesque at nulla. Suspendisse potenti. Cras in purus eu magna vulputate luctus.\n\nCum sociis natoque penatibus et magnis dis parturient montes, nascetur ridiculus mus. Vivamus vestibulum sagittis sapien. Cum sociis natoque penatibus et magnis dis parturient montes, nascetur ridiculus mus.'),(85,'Old Dark House, The','In hac habitasse platea dictumst. Morbi vestibulum, velit id pretium iaculis, diam erat fermentum justo, nec condimentum neque sapien placerat ante. Nulla justo.\n\nAliquam quis turpis eget elit sodales scelerisque. Mauris sit amet eros. Suspendisse accumsan tortor quis turpis.'),(62,'Richard III','In hac habitasse platea dictumst. Morbi vestibulum, velit id pretium iaculis, diam erat fermentum justo, nec condimentum neque sapien placerat ante. Nulla justo.\n\nAliquam quis turpis eget elit sodales scelerisque. Mauris sit amet eros. Suspendisse accumsan tortor quis turpis.'),(98,'Ugly','Cras mi pede, malesuada in, imperdiet et, commodo vulputate, justo. In blandit ultrices enim. Lorem ipsum dolor sit amet, consectetuer adipiscing elit.\n\nProin interdum mauris non ligula pellentesque ultrices. Phasellus id sapien in sapien iaculis congue. Vivamus metus arcu, adipiscing molestie, hendrerit at, vulputate vitae, nisl.\n\nAenean lectus. Pellentesque eget nunc. Donec quis orci eget orci vehicula condimentum.'),(62,'Mask of Fu Manchu, The','Curabitur in libero ut massa volutpat convallis. Morbi odio odio, elementum eu, interdum eu, tincidunt in, leo. Maecenas pulvinar lobortis est.\n\nPhasellus sit amet erat. Nulla tempus. Vivamus in felis eu sapien cursus vestibulum.'),(67,'Dinner Rush','Sed sagittis. Nam congue, risus semper porta volutpat, quam pede lobortis ligula, sit amet eleifend pede libero quis orci. Nullam molestie nibh in lectus.\n\nPellentesque at nulla. Suspendisse potenti. Cras in purus eu magna vulputate luctus.\n\nCum sociis natoque penatibus et magnis dis parturient montes, nascetur ridiculus mus. Vivamus vestibulum sagittis sapien. Cum sociis natoque penatibus et magnis dis parturient montes, nascetur ridiculus mus.'),(98,'Revenge for Jolly!','Integer ac leo. Pellentesque ultrices mattis odio. Donec vitae nisi.'),(63,'Vivacious Lady','Cras mi pede, malesuada in, imperdiet et, commodo vulputate, justo. In blandit ultrices enim. Lorem ipsum dolor sit amet, consectetuer adipiscing elit.\n\nProin interdum mauris non ligula pellentesque ultrices. Phasellus id sapien in sapien iaculis congue. Vivamus metus arcu, adipiscing molestie, hendrerit at, vulputate vitae, nisl.\n\nAenean lectus. Pellentesque eget nunc. Donec quis orci eget orci vehicula condimentum.'),(86,'Siegfried & Roy: The Magic Box','Praesent id massa id nisl venenatis lacinia. Aenean sit amet justo. Morbi ut odio.\n\nCras mi pede, malesuada in, imperdiet et, commodo vulputate, justo. In blandit ultrices enim. Lorem ipsum dolor sit amet, consectetuer adipiscing elit.'),(65,'Tenacious D in The Pick of Destiny','Praesent blandit. Nam nulla. Integer pede justo, lacinia eget, tincidunt eget, tempus vel, pede.\n\nMorbi porttitor lorem id ligula. Suspendisse ornare consequat lectus. In est risus, auctor sed, tristique in, tempus sit amet, sem.\n\nFusce consequat. Nulla nisl. Nunc nisl.'),(5,'Craig Ferguson: Does This Need to Be Said?','Vestibulum quam sapien, varius ut, blandit non, interdum in, ante. Vestibulum ante ipsum primis in faucibus orci luctus et ultrices posuere cubilia Curae; Duis faucibus accumsan odio. Curabitur convallis.\n\nDuis consequat dui nec nisi volutpat eleifend. Donec ut dolor. Morbi vel lectus in quam fringilla rhoncus.'),(71,'Race with the Devil','In hac habitasse platea dictumst. Morbi vestibulum, velit id pretium iaculis, diam erat fermentum justo, nec condimentum neque sapien placerat ante. Nulla justo.\n\nAliquam quis turpis eget elit sodales scelerisque. Mauris sit amet eros. Suspendisse accumsan tortor quis turpis.'),(39,'Faust','Lorem ipsum dolor sit amet, consectetuer adipiscing elit. Proin risus. Praesent lectus.'),(42,'Kon-Tiki','Duis bibendum, felis sed interdum venenatis, turpis enim blandit mi, in porttitor pede justo eu massa. Donec dapibus. Duis at velit eu est congue elementum.'),(73,'Killer Bean 2: The Party','In congue. Etiam justo. Etiam pretium iaculis justo.'),(37,'Stuck in Love','Cras non velit nec nisi vulputate nonummy. Maecenas tincidunt lacus at velit. Vivamus vel nulla eget eros elementum pellentesque.'),(51,'Fern flowers (Fleur de fougre)','Praesent id massa id nisl venenatis lacinia. Aenean sit amet justo. Morbi ut odio.\n\nCras mi pede, malesuada in, imperdiet et, commodo vulputate, justo. In blandit ultrices enim. Lorem ipsum dolor sit amet, consectetuer adipiscing elit.'),(59,'Indian in the Cupboard, The','Donec diam neque, vestibulum eget, vulputate ut, ultrices vel, augue. Vestibulum ante ipsum primis in faucibus orci luctus et ultrices posuere cubilia Curae; Donec pharetra, magna vestibulum aliquet ultrices, erat tortor sollicitudin mi, sit amet lobortis sapien sapien non mi. Integer ac neque.\n\nDuis bibendum. Morbi non quam nec dui luctus rutrum. Nulla tellus.\n\nIn sagittis dui vel nisl. Duis ac nibh. Fusce lacus purus, aliquet at, feugiat non, pretium quis, lectus.'),(44,'Sleepy Hollow','Integer tincidunt ante vel ipsum. Praesent blandit lacinia erat. Vestibulum sed magna at nunc commodo placerat.\n\nPraesent blandit. Nam nulla. Integer pede justo, lacinia eget, tincidunt eget, tempus vel, pede.'),(19,'Doctor and the Devils, The','Aenean fermentum. Donec ut mauris eget massa tempor convallis. Nulla neque libero, convallis eget, eleifend luctus, ultricies eu, nibh.\n\nQuisque id justo sit amet sapien dignissim vestibulum. Vestibulum ante ipsum primis in faucibus orci luctus et ultrices posuere cubilia Curae; Nulla dapibus dolor vel est. Donec odio justo, sollicitudin ut, suscipit a, feugiat et, eros.'),(16,'Rage of Angels','In congue. Etiam justo. Etiam pretium iaculis justo.'),(5,'History Is Made at Night','Duis bibendum, felis sed interdum venenatis, turpis enim blandit mi, in porttitor pede justo eu massa. Donec dapibus. Duis at velit eu est congue elementum.'),(48,'Alice in Wonderland','In hac habitasse platea dictumst. Morbi vestibulum, velit id pretium iaculis, diam erat fermentum justo, nec condimentum neque sapien placerat ante. Nulla justo.\n\nAliquam quis turpis eget elit sodales scelerisque. Mauris sit amet eros. Suspendisse accumsan tortor quis turpis.\n\nSed ante. Vivamus tortor. Duis mattis egestas metus.'),(86,'Fatal Instinct','Nam ultrices, libero non mattis pulvinar, nulla pede ullamcorper augue, a suscipit nulla elit ac nulla. Sed vel enim sit amet nunc viverra dapibus. Nulla suscipit ligula in lacus.'),(60,'Buddy','Etiam vel augue. Vestibulum rutrum rutrum neque. Aenean auctor gravida sem.\n\nPraesent id massa id nisl venenatis lacinia. Aenean sit amet justo. Morbi ut odio.'),(2,'Boom!','Donec diam neque, vestibulum eget, vulputate ut, ultrices vel, augue. Vestibulum ante ipsum primis in faucibus orci luctus et ultrices posuere cubilia Curae; Donec pharetra, magna vestibulum aliquet ultrices, erat tortor sollicitudin mi, sit amet lobortis sapien sapien non mi. Integer ac neque.\n\nDuis bibendum. Morbi non quam nec dui luctus rutrum. Nulla tellus.'),(10,'Exposed','Maecenas leo odio, condimentum id, luctus nec, molestie sed, justo. Pellentesque viverra pede ac diam. Cras pellentesque volutpat dui.'),(30,'Chasing Liberty','Mauris enim leo, rhoncus sed, vestibulum sit amet, cursus id, turpis. Integer aliquet, massa id lobortis convallis, tortor risus dapibus augue, vel accumsan tellus nisi eu orci. Mauris lacinia sapien quis libero.'),(95,'Fahrenheit 451','In quis justo. Maecenas rhoncus aliquam lacus. Morbi quis tortor id nulla ultrices aliquet.\n\nMaecenas leo odio, condimentum id, luctus nec, molestie sed, justo. Pellentesque viverra pede ac diam. Cras pellentesque volutpat dui.\n\nMaecenas tristique, est et tempus semper, est quam pharetra magna, ac consequat metus sapien ut nunc. Vestibulum ante ipsum primis in faucibus orci luctus et ultrices posuere cubilia Curae; Mauris viverra diam vitae quam. Suspendisse potenti.'),(17,'Arsenal','Sed ante. Vivamus tortor. Duis mattis egestas metus.\n\nAenean fermentum. Donec ut mauris eget massa tempor convallis. Nulla neque libero, convallis eget, eleifend luctus, ultricies eu, nibh.'),(68,'Woman In Berlin, A (Anonyma - Eine Frau in Berlin)','In quis justo. Maecenas rhoncus aliquam lacus. Morbi quis tortor id nulla ultrices aliquet.\n\nMaecenas leo odio, condimentum id, luctus nec, molestie sed, justo. Pellentesque viverra pede ac diam. Cras pellentesque volutpat dui.'),(3,'All That Jazz','Phasellus in felis. Donec semper sapien a libero. Nam dui.\n\nProin leo odio, porttitor id, consequat in, consequat ut, nulla. Sed accumsan felis. Ut at dolor quis odio consequat varius.\n\nInteger ac leo. Pellentesque ultrices mattis odio. Donec vitae nisi.'),(10,'Fast and the Furious, The','Praesent blandit. Nam nulla. Integer pede justo, lacinia eget, tincidunt eget, tempus vel, pede.\n\nMorbi porttitor lorem id ligula. Suspendisse ornare consequat lectus. In est risus, auctor sed, tristique in, tempus sit amet, sem.\n\nFusce consequat. Nulla nisl. Nunc nisl.'),(3,'Dragon Fist (Long quan)','Quisque id justo sit amet sapien dignissim vestibulum. Vestibulum ante ipsum primis in faucibus orci luctus et ultrices posuere cubilia Curae; Nulla dapibus dolor vel est. Donec odio justo, sollicitudin ut, suscipit a, feugiat et, eros.\n\nVestibulum ac est lacinia nisi venenatis tristique. Fusce congue, diam id ornare imperdiet, sapien urna pretium nisl, ut volutpat sapien arcu sed augue. Aliquam erat volutpat.'),(7,'Ida','Pellentesque at nulla. Suspendisse potenti. Cras in purus eu magna vulputate luctus.\n\nCum sociis natoque penatibus et magnis dis parturient montes, nascetur ridiculus mus. Vivamus vestibulum sagittis sapien. Cum sociis natoque penatibus et magnis dis parturient montes, nascetur ridiculus mus.'),(85,'Old Dark House, The','In hac habitasse platea dictumst. Morbi vestibulum, velit id pretium iaculis, diam erat fermentum justo, nec condimentum neque sapien placerat ante. Nulla justo.\n\nAliquam quis turpis eget elit sodales scelerisque. Mauris sit amet eros. Suspendisse accumsan tortor quis turpis.'),(62,'Richard III','In hac habitasse platea dictumst. Morbi vestibulum, velit id pretium iaculis, diam erat fermentum justo, nec condimentum neque sapien placerat ante. Nulla justo.\n\nAliquam quis turpis eget elit sodales scelerisque. Mauris sit amet eros. Suspendisse accumsan tortor quis turpis.'),(98,'Ugly','Cras mi pede, malesuada in, imperdiet et, commodo vulputate, justo. In blandit ultrices enim. Lorem ipsum dolor sit amet, consectetuer adipiscing elit.\n\nProin interdum mauris non ligula pellentesque ultrices. Phasellus id sapien in sapien iaculis congue. Vivamus metus arcu, adipiscing molestie, hendrerit at, vulputate vitae, nisl.\n\nAenean lectus. Pellentesque eget nunc. Donec quis orci eget orci vehicula condimentum.'),(62,'Mask of Fu Manchu, The','Curabitur in libero ut massa volutpat convallis. Morbi odio odio, elementum eu, interdum eu, tincidunt in, leo. Maecenas pulvinar lobortis est.\n\nPhasellus sit amet erat. Nulla tempus. Vivamus in felis eu sapien cursus vestibulum.'),(67,'Dinner Rush','Sed sagittis. Nam congue, risus semper porta volutpat, quam pede lobortis ligula, sit amet eleifend pede libero quis orci. Nullam molestie nibh in lectus.\n\nPellentesque at nulla. Suspendisse potenti. Cras in purus eu magna vulputate luctus.\n\nCum sociis natoque penatibus et magnis dis parturient montes, nascetur ridiculus mus. Vivamus vestibulum sagittis sapien. Cum sociis natoque penatibus et magnis dis parturient montes, nascetur ridiculus mus.'),(98,'Revenge for Jolly!','Integer ac leo. Pellentesque ultrices mattis odio. Donec vitae nisi.'),(63,'Vivacious Lady','Cras mi pede, malesuada in, imperdiet et, commodo vulputate, justo. In blandit ultrices enim. Lorem ipsum dolor sit amet, consectetuer adipiscing elit.\n\nProin interdum mauris non ligula pellentesque ultrices. Phasellus id sapien in sapien iaculis congue. Vivamus metus arcu, adipiscing molestie, hendrerit at, vulputate vitae, nisl.\n\nAenean lectus. Pellentesque eget nunc. Donec quis orci eget orci vehicula condimentum.'),(86,'Siegfried & Roy: The Magic Box','Praesent id massa id nisl venenatis lacinia. Aenean sit amet justo. Morbi ut odio.\n\nCras mi pede, malesuada in, imperdiet et, commodo vulputate, justo. In blandit ultrices enim. Lorem ipsum dolor sit amet, consectetuer adipiscing elit.'),(65,'Tenacious D in The Pick of Destiny','Praesent blandit. Nam nulla. Integer pede justo, lacinia eget, tincidunt eget, tempus vel, pede.\n\nMorbi porttitor lorem id ligula. Suspendisse ornare consequat lectus. In est risus, auctor sed, tristique in, tempus sit amet, sem.\n\nFusce consequat. Nulla nisl. Nunc nisl.'),(5,'Craig Ferguson: Does This Need to Be Said?','Vestibulum quam sapien, varius ut, blandit non, interdum in, ante. Vestibulum ante ipsum primis in faucibus orci luctus et ultrices posuere cubilia Curae; Duis faucibus accumsan odio. Curabitur convallis.\n\nDuis consequat dui nec nisi volutpat eleifend. Donec ut dolor. Morbi vel lectus in quam fringilla rhoncus.'),(71,'Race with the Devil','In hac habitasse platea dictumst. Morbi vestibulum, velit id pretium iaculis, diam erat fermentum justo, nec condimentum neque sapien placerat ante. Nulla justo.\n\nAliquam quis turpis eget elit sodales scelerisque. Mauris sit amet eros. Suspendisse accumsan tortor quis turpis.'),(39,'Faust','Lorem ipsum dolor sit amet, consectetuer adipiscing elit. Proin risus. Praesent lectus.'),(42,'Kon-Tiki','Duis bibendum, felis sed interdum venenatis, turpis enim blandit mi, in porttitor pede justo eu massa. Donec dapibus. Duis at velit eu est congue elementum.'),(73,'Killer Bean 2: The Party','In congue. Etiam justo. Etiam pretium iaculis justo.'),(37,'Stuck in Love','Cras non velit nec nisi vulputate nonummy. Maecenas tincidunt lacus at velit. Vivamus vel nulla eget eros elementum pellentesque.'),(51,'Fern flowers (Fleur de fougre)','Praesent id massa id nisl venenatis lacinia. Aenean sit amet justo. Morbi ut odio.\n\nCras mi pede, malesuada in, imperdiet et, commodo vulputate, justo. In blandit ultrices enim. Lorem ipsum dolor sit amet, consectetuer adipiscing elit.'),(59,'Indian in the Cupboard, The','Donec diam neque, vestibulum eget, vulputate ut, ultrices vel, augue. Vestibulum ante ipsum primis in faucibus orci luctus et ultrices posuere cubilia Curae; Donec pharetra, magna vestibulum aliquet ultrices, erat tortor sollicitudin mi, sit amet lobortis sapien sapien non mi. Integer ac neque.\n\nDuis bibendum. Morbi non quam nec dui luctus rutrum. Nulla tellus.\n\nIn sagittis dui vel nisl. Duis ac nibh. Fusce lacus purus, aliquet at, feugiat non, pretium quis, lectus.'),(44,'Sleepy Hollow','Integer tincidunt ante vel ipsum. Praesent blandit lacinia erat. Vestibulum sed magna at nunc commodo placerat.\n\nPraesent blandit. Nam nulla. Integer pede justo, lacinia eget, tincidunt eget, tempus vel, pede.'),(19,'Doctor and the Devils, The','Aenean fermentum. Donec ut mauris eget massa tempor convallis. Nulla neque libero, convallis eget, eleifend luctus, ultricies eu, nibh.\n\nQuisque id justo sit amet sapien dignissim vestibulum. Vestibulum ante ipsum primis in faucibus orci luctus et ultrices posuere cubilia Curae; Nulla dapibus dolor vel est. Donec odio justo, sollicitudin ut, suscipit a, feugiat et, eros.'),(16,'Rage of Angels','In congue. Etiam justo. Etiam pretium iaculis justo.'),(5,'History Is Made at Night','Duis bibendum, felis sed interdum venenatis, turpis enim blandit mi, in porttitor pede justo eu massa. Donec dapibus. Duis at velit eu est congue elementum.'),(48,'Alice in Wonderland','In hac habitasse platea dictumst. Morbi vestibulum, velit id pretium iaculis, diam erat fermentum justo, nec condimentum neque sapien placerat ante. Nulla justo.\n\nAliquam quis turpis eget elit sodales scelerisque. Mauris sit amet eros. Suspendisse accumsan tortor quis turpis.\n\nSed ante. Vivamus tortor. Duis mattis egestas metus.'),(86,'Fatal Instinct','Nam ultrices, libero non mattis pulvinar, nulla pede ullamcorper augue, a suscipit nulla elit ac nulla. Sed vel enim sit amet nunc viverra dapibus. Nulla suscipit ligula in lacus.'),(60,'Buddy','Etiam vel augue. Vestibulum rutrum rutrum neque. Aenean auctor gravida sem.\n\nPraesent id massa id nisl venenatis lacinia. Aenean sit amet justo. Morbi ut odio.'),(2,'Boom!','Donec diam neque, vestibulum eget, vulputate ut, ultrices vel, augue. Vestibulum ante ipsum primis in faucibus orci luctus et ultrices posuere cubilia Curae; Donec pharetra, magna vestibulum aliquet ultrices, erat tortor sollicitudin mi, sit amet lobortis sapien sapien non mi. Integer ac neque.\n\nDuis bibendum. Morbi non quam nec dui luctus rutrum. Nulla tellus.'),(10,'Exposed','Maecenas leo odio, condimentum id, luctus nec, molestie sed, justo. Pellentesque viverra pede ac diam. Cras pellentesque volutpat dui.'),(30,'Chasing Liberty','Mauris enim leo, rhoncus sed, vestibulum sit amet, cursus id, turpis. Integer aliquet, massa id lobortis convallis, tortor risus dapibus augue, vel accumsan tellus nisi eu orci. Mauris lacinia sapien quis libero.'),(95,'Fahrenheit 451','In quis justo. Maecenas rhoncus aliquam lacus. Morbi quis tortor id nulla ultrices aliquet.\n\nMaecenas leo odio, condimentum id, luctus nec, molestie sed, justo. Pellentesque viverra pede ac diam. Cras pellentesque volutpat dui.\n\nMaecenas tristique, est et tempus semper, est quam pharetra magna, ac consequat metus sapien ut nunc. Vestibulum ante ipsum primis in faucibus orci luctus et ultrices posuere cubilia Curae; Mauris viverra diam vitae quam. Suspendisse potenti.'),(17,'Arsenal','Sed ante. Vivamus tortor. Duis mattis egestas metus.\n\nAenean fermentum. Donec ut mauris eget massa tempor convallis. Nulla neque libero, convallis eget, eleifend luctus, ultricies eu, nibh.'),(68,'Woman In Berlin, A (Anonyma - Eine Frau in Berlin)','In quis justo. Maecenas rhoncus aliquam lacus. Morbi quis tortor id nulla ultrices aliquet.\n\nMaecenas leo odio, condimentum id, luctus nec, molestie sed, justo. Pellentesque viverra pede ac diam. Cras pellentesque volutpat dui.'),(3,'All That Jazz','Phasellus in felis. Donec semper sapien a libero. Nam dui.\n\nProin leo odio, porttitor id, consequat in, consequat ut, nulla. Sed accumsan felis. Ut at dolor quis odio consequat varius.\n\nInteger ac leo. Pellentesque ultrices mattis odio. Donec vitae nisi.'),(14,'Shaolin Temple 3: Martial Arts of Shaolin (Nan bei Shao Lin) (Martial Arts of Shaolin)','Nullam porttitor lacus at turpis. Donec posuere metus vitae ipsum. Aliquam non mauris.\n\nMorbi non lectus. Aliquam sit amet diam in magna bibendum imperdiet. Nullam orci pede, venenatis non, sodales sed, tincidunt eu, felis.'),(37,'Moment After, The','Aliquam quis turpis eget elit sodales scelerisque. Mauris sit amet eros. Suspendisse accumsan tortor quis turpis.\n\nSed ante. Vivamus tortor. Duis mattis egestas metus.\n\nAenean fermentum. Donec ut mauris eget massa tempor convallis. Nulla neque libero, convallis eget, eleifend luctus, ultricies eu, nibh.'),(56,'Moonrise Kingdom','Vestibulum quam sapien, varius ut, blandit non, interdum in, ante. Vestibulum ante ipsum primis in faucibus orci luctus et ultrices posuere cubilia Curae; Duis faucibus accumsan odio. Curabitur convallis.\n\nDuis consequat dui nec nisi volutpat eleifend. Donec ut dolor. Morbi vel lectus in quam fringilla rhoncus.\n\nMauris enim leo, rhoncus sed, vestibulum sit amet, cursus id, turpis. Integer aliquet, massa id lobortis convallis, tortor risus dapibus augue, vel accumsan tellus nisi eu orci. Mauris lacinia sapien quis libero.'),(90,'Dirty Bomb','Cras mi pede, malesuada in, imperdiet et, commodo vulputate, justo. In blandit ultrices enim. Lorem ipsum dolor sit amet, consectetuer adipiscing elit.\n\nProin interdum mauris non ligula pellentesque ultrices. Phasellus id sapien in sapien iaculis congue. Vivamus metus arcu, adipiscing molestie, hendrerit at, vulputate vitae, nisl.'),(26,'Kill Me Again','Curabitur in libero ut massa volutpat convallis. Morbi odio odio, elementum eu, interdum eu, tincidunt in, leo. Maecenas pulvinar lobortis est.\n\nPhasellus sit amet erat. Nulla tempus. Vivamus in felis eu sapien cursus vestibulum.'),(47,'San Antonio','Curabitur in libero ut massa volutpat convallis. Morbi odio odio, elementum eu, interdum eu, tincidunt in, leo. Maecenas pulvinar lobortis est.\n\nPhasellus sit amet erat. Nulla tempus. Vivamus in felis eu sapien cursus vestibulum.'),(7,'Infernal Affairs III (Mou gaan dou III: Jung gik mou gaan)','Cras non velit nec nisi vulputate nonummy. Maecenas tincidunt lacus at velit. Vivamus vel nulla eget eros elementum pellentesque.'),(60,'Lured','In hac habitasse platea dictumst. Etiam faucibus cursus urna. Ut tellus.\n\nNulla ut erat id mauris vulputate elementum. Nullam varius. Nulla facilisi.'),(82,'Tyson','Morbi porttitor lorem id ligula. Suspendisse ornare consequat lectus. In est risus, auctor sed, tristique in, tempus sit amet, sem.'),(52,'Cats Don\'t Dance','Proin eu mi. Nulla ac enim. In tempor, turpis nec euismod scelerisque, quam turpis adipiscing lorem, vitae mattis nibh ligula nec sem.'),(50,'Joe\'s Palace','Cras non velit nec nisi vulputate nonummy. Maecenas tincidunt lacus at velit. Vivamus vel nulla eget eros elementum pellentesque.'),(15,'War Room, The','Nulla ut erat id mauris vulputate elementum. Nullam varius. Nulla facilisi.\n\nCras non velit nec nisi vulputate nonummy. Maecenas tincidunt lacus at velit. Vivamus vel nulla eget eros elementum pellentesque.\n\nQuisque porta volutpat erat. Quisque erat eros, viverra eget, congue eget, semper rutrum, nulla. Nunc purus.'),(42,'Manxman, The','In congue. Etiam justo. Etiam pretium iaculis justo.\n\nIn hac habitasse platea dictumst. Etiam faucibus cursus urna. Ut tellus.\n\nNulla ut erat id mauris vulputate elementum. Nullam varius. Nulla facilisi.'),(85,'Iron Eagle','Etiam vel augue. Vestibulum rutrum rutrum neque. Aenean auctor gravida sem.\n\nPraesent id massa id nisl venenatis lacinia. Aenean sit amet justo. Morbi ut odio.'),(5,'Blood: The Last Vampire','Aliquam quis turpis eget elit sodales scelerisque. Mauris sit amet eros. Suspendisse accumsan tortor quis turpis.\n\nSed ante. Vivamus tortor. Duis mattis egestas metus.\n\nAenean fermentum. Donec ut mauris eget massa tempor convallis. Nulla neque libero, convallis eget, eleifend luctus, ultricies eu, nibh.'),(11,'Easy Virtue','Maecenas tristique, est et tempus semper, est quam pharetra magna, ac consequat metus sapien ut nunc. Vestibulum ante ipsum primis in faucibus orci luctus et ultrices posuere cubilia Curae; Mauris viverra diam vitae quam. Suspendisse potenti.\n\nNullam porttitor lacus at turpis. Donec posuere metus vitae ipsum. Aliquam non mauris.\n\nMorbi non lectus. Aliquam sit amet diam in magna bibendum imperdiet. Nullam orci pede, venenatis non, sodales sed, tincidunt eu, felis.'),(71,'The Arrival of Wang','In congue. Etiam justo. Etiam pretium iaculis justo.'),(6,'Mood Indigo (L\'cume des jours)','Praesent blandit. Nam nulla. Integer pede justo, lacinia eget, tincidunt eget, tempus vel, pede.\n\nMorbi porttitor lorem id ligula. Suspendisse ornare consequat lectus. In est risus, auctor sed, tristique in, tempus sit amet, sem.'),(54,'Case of You, A','Cras non velit nec nisi vulputate nonummy. Maecenas tincidunt lacus at velit. Vivamus vel nulla eget eros elementum pellentesque.\n\nQuisque porta volutpat erat. Quisque erat eros, viverra eget, congue eget, semper rutrum, nulla. Nunc purus.'),(87,'Young Sherlock Holmes','Fusce consequat. Nulla nisl. Nunc nisl.'),(37,'Matthew\'s Days','Fusce posuere felis sed lacus. Morbi sem mauris, laoreet ut, rhoncus aliquet, pulvinar sed, nisl. Nunc rhoncus dui vel sem.'),(32,'Purple Rose of Cairo, The','Curabitur in libero ut massa volutpat convallis. Morbi odio odio, elementum eu, interdum eu, tincidunt in, leo. Maecenas pulvinar lobortis est.\n\nPhasellus sit amet erat. Nulla tempus. Vivamus in felis eu sapien cursus vestibulum.'),(46,'Hi-Yo Silver','Curabitur gravida nisi at nibh. In hac habitasse platea dictumst. Aliquam augue quam, sollicitudin vitae, consectetuer eget, rutrum at, lorem.\n\nInteger tincidunt ante vel ipsum. Praesent blandit lacinia erat. Vestibulum sed magna at nunc commodo placerat.'),(74,'5 Dolls for an August Moon (5 bambole per la luna d\'agosto)','Duis bibendum. Morbi non quam nec dui luctus rutrum. Nulla tellus.'),(74,'Cameron\'s Closet','Nullam sit amet turpis elementum ligula vehicula consequat. Morbi a ipsum. Integer a nibh.\n\nIn quis justo. Maecenas rhoncus aliquam lacus. Morbi quis tortor id nulla ultrices aliquet.\n\nMaecenas leo odio, condimentum id, luctus nec, molestie sed, justo. Pellentesque viverra pede ac diam. Cras pellentesque volutpat dui.'),(65,'Follow That Dream','Sed ante. Vivamus tortor. Duis mattis egestas metus.\n\nAenean fermentum. Donec ut mauris eget massa tempor convallis. Nulla neque libero, convallis eget, eleifend luctus, ultricies eu, nibh.\n\nQuisque id justo sit amet sapien dignissim vestibulum. Vestibulum ante ipsum primis in faucibus orci luctus et ultrices posuere cubilia Curae; Nulla dapibus dolor vel est. Donec odio justo, sollicitudin ut, suscipit a, feugiat et, eros.'),(51,'Flypaper','Praesent id massa id nisl venenatis lacinia. Aenean sit amet justo. Morbi ut odio.'),(29,'Kinjite: Forbidden Subjects','Nullam porttitor lacus at turpis. Donec posuere metus vitae ipsum. Aliquam non mauris.'),(60,'Martyrs','Morbi non lectus. Aliquam sit amet diam in magna bibendum imperdiet. Nullam orci pede, venenatis non, sodales sed, tincidunt eu, felis.\n\nFusce posuere felis sed lacus. Morbi sem mauris, laoreet ut, rhoncus aliquet, pulvinar sed, nisl. Nunc rhoncus dui vel sem.'),(50,'Remember the Daze (Beautiful Ordinary, The)','Curabitur gravida nisi at nibh. In hac habitasse platea dictumst. Aliquam augue quam, sollicitudin vitae, consectetuer eget, rutrum at, lorem.\n\nInteger tincidunt ante vel ipsum. Praesent blandit lacinia erat. Vestibulum sed magna at nunc commodo placerat.'),(37,'Piano Tuner of Earthquakes, The','Quisque id justo sit amet sapien dignissim vestibulum. Vestibulum ante ipsum primis in faucibus orci luctus et ultrices posuere cubilia Curae; Nulla dapibus dolor vel est. Donec odio justo, sollicitudin ut, suscipit a, feugiat et, eros.\n\nVestibulum ac est lacinia nisi venenatis tristique. Fusce congue, diam id ornare imperdiet, sapien urna pretium nisl, ut volutpat sapien arcu sed augue. Aliquam erat volutpat.'),(16,'Prospero\'s Books','Vestibulum ac est lacinia nisi venenatis tristique. Fusce congue, diam id ornare imperdiet, sapien urna pretium nisl, ut volutpat sapien arcu sed augue. Aliquam erat volutpat.\n\nIn congue. Etiam justo. Etiam pretium iaculis justo.\n\nIn hac habitasse platea dictumst. Etiam faucibus cursus urna. Ut tellus.'),(22,'Boys on the Side','Maecenas tristique, est et tempus semper, est quam pharetra magna, ac consequat metus sapien ut nunc. Vestibulum ante ipsum primis in faucibus orci luctus et ultrices posuere cubilia Curae; Mauris viverra diam vitae quam. Suspendisse potenti.\n\nNullam porttitor lacus at turpis. Donec posuere metus vitae ipsum. Aliquam non mauris.\n\nMorbi non lectus. Aliquam sit amet diam in magna bibendum imperdiet. Nullam orci pede, venenatis non, sodales sed, tincidunt eu, felis.'),(45,'Chronicle of a Disappearance','Sed ante. Vivamus tortor. Duis mattis egestas metus.\n\nAenean fermentum. Donec ut mauris eget massa tempor convallis. Nulla neque libero, convallis eget, eleifend luctus, ultricies eu, nibh.\n\nQuisque id justo sit amet sapien dignissim vestibulum. Vestibulum ante ipsum primis in faucibus orci luctus et ultrices posuere cubilia Curae; Nulla dapibus dolor vel est. Donec odio justo, sollicitudin ut, suscipit a, feugiat et, eros.'),(62,'Switch, The','Maecenas tristique, est et tempus semper, est quam pharetra magna, ac consequat metus sapien ut nunc. Vestibulum ante ipsum primis in faucibus orci luctus et ultrices posuere cubilia Curae; Mauris viverra diam vitae quam. Suspendisse potenti.\n\nNullam porttitor lacus at turpis. Donec posuere metus vitae ipsum. Aliquam non mauris.'),(58,'The Heavy','Fusce consequat. Nulla nisl. Nunc nisl.\n\nDuis bibendum, felis sed interdum venenatis, turpis enim blandit mi, in porttitor pede justo eu massa. Donec dapibus. Duis at velit eu est congue elementum.\n\nIn hac habitasse platea dictumst. Morbi vestibulum, velit id pretium iaculis, diam erat fermentum justo, nec condimentum neque sapien placerat ante. Nulla justo.'),(77,'Angel Eyes','Proin leo odio, porttitor id, consequat in, consequat ut, nulla. Sed accumsan felis. Ut at dolor quis odio consequat varius.\n\nInteger ac leo. Pellentesque ultrices mattis odio. Donec vitae nisi.'),(36,'Enemies Closer','Aenean lectus. Pellentesque eget nunc. Donec quis orci eget orci vehicula condimentum.'),(38,'Body, The','Praesent blandit. Nam nulla. Integer pede justo, lacinia eget, tincidunt eget, tempus vel, pede.'),(54,'Seoul Searching','Lorem ipsum dolor sit amet, consectetuer adipiscing elit. Proin risus. Praesent lectus.\n\nVestibulum quam sapien, varius ut, blandit non, interdum in, ante. Vestibulum ante ipsum primis in faucibus orci luctus et ultrices posuere cubilia Curae; Duis faucibus accumsan odio. Curabitur convallis.'),(35,'Railway Children, The','Cras mi pede, malesuada in, imperdiet et, commodo vulputate, justo. In blandit ultrices enim. Lorem ipsum dolor sit amet, consectetuer adipiscing elit.'),(64,'Wings of Courage','Proin eu mi. Nulla ac enim. In tempor, turpis nec euismod scelerisque, quam turpis adipiscing lorem, vitae mattis nibh ligula nec sem.'),(72,'Return, The (Vozvrashcheniye)','Maecenas tristique, est et tempus semper, est quam pharetra magna, ac consequat metus sapien ut nunc. Vestibulum ante ipsum primis in faucibus orci luctus et ultrices posuere cubilia Curae; Mauris viverra diam vitae quam. Suspendisse potenti.\n\nNullam porttitor lacus at turpis. Donec posuere metus vitae ipsum. Aliquam non mauris.'),(84,'Eye of Vichy, The (Oeil de Vichy, L\')','Maecenas tristique, est et tempus semper, est quam pharetra magna, ac consequat metus sapien ut nunc. Vestibulum ante ipsum primis in faucibus orci luctus et ultrices posuere cubilia Curae; Mauris viverra diam vitae quam. Suspendisse potenti.\n\nNullam porttitor lacus at turpis. Donec posuere metus vitae ipsum. Aliquam non mauris.'),(68,'Tipping the Velvet','Aenean lectus. Pellentesque eget nunc. Donec quis orci eget orci vehicula condimentum.\n\nCurabitur in libero ut massa volutpat convallis. Morbi odio odio, elementum eu, interdum eu, tincidunt in, leo. Maecenas pulvinar lobortis est.\n\nPhasellus sit amet erat. Nulla tempus. Vivamus in felis eu sapien cursus vestibulum.'),(46,'Brewster\'s Millions','Curabitur in libero ut massa volutpat convallis. Morbi odio odio, elementum eu, interdum eu, tincidunt in, leo. Maecenas pulvinar lobortis est.\n\nPhasellus sit amet erat. Nulla tempus. Vivamus in felis eu sapien cursus vestibulum.\n\nProin eu mi. Nulla ac enim. In tempor, turpis nec euismod scelerisque, quam turpis adipiscing lorem, vitae mattis nibh ligula nec sem.'),(16,'National Lampoon\'s Cattle Call (Cattle Call)','Cras mi pede, malesuada in, imperdiet et, commodo vulputate, justo. In blandit ultrices enim. Lorem ipsum dolor sit amet, consectetuer adipiscing elit.\n\nProin interdum mauris non ligula pellentesque ultrices. Phasellus id sapien in sapien iaculis congue. Vivamus metus arcu, adipiscing molestie, hendrerit at, vulputate vitae, nisl.'),(2,'Unconquered','Curabitur in libero ut massa volutpat convallis. Morbi odio odio, elementum eu, interdum eu, tincidunt in, leo. Maecenas pulvinar lobortis est.\n\nPhasellus sit amet erat. Nulla tempus. Vivamus in felis eu sapien cursus vestibulum.\n\nProin eu mi. Nulla ac enim. In tempor, turpis nec euismod scelerisque, quam turpis adipiscing lorem, vitae mattis nibh ligula nec sem.'),(44,'That Cold Day in the Park','Morbi porttitor lorem id ligula. Suspendisse ornare consequat lectus. In est risus, auctor sed, tristique in, tempus sit amet, sem.\n\nFusce consequat. Nulla nisl. Nunc nisl.\n\nDuis bibendum, felis sed interdum venenatis, turpis enim blandit mi, in porttitor pede justo eu massa. Donec dapibus. Duis at velit eu est congue elementum.'),(40,'Nevada Smith','Quisque id justo sit amet sapien dignissim vestibulum. Vestibulum ante ipsum primis in faucibus orci luctus et ultrices posuere cubilia Curae; Nulla dapibus dolor vel est. Donec odio justo, sollicitudin ut, suscipit a, feugiat et, eros.\n\nVestibulum ac est lacinia nisi venenatis tristique. Fusce congue, diam id ornare imperdiet, sapien urna pretium nisl, ut volutpat sapien arcu sed augue. Aliquam erat volutpat.\n\nIn congue. Etiam justo. Etiam pretium iaculis justo.'),(76,'Swann in Love (Un amour de Swann)','Aenean fermentum. Donec ut mauris eget massa tempor convallis. Nulla neque libero, convallis eget, eleifend luctus, ultricies eu, nibh.\n\nQuisque id justo sit amet sapien dignissim vestibulum. Vestibulum ante ipsum primis in faucibus orci luctus et ultrices posuere cubilia Curae; Nulla dapibus dolor vel est. Donec odio justo, sollicitudin ut, suscipit a, feugiat et, eros.'),(77,'Crac','Proin interdum mauris non ligula pellentesque ultrices. Phasellus id sapien in sapien iaculis congue. Vivamus metus arcu, adipiscing molestie, hendrerit at, vulputate vitae, nisl.'),(34,'Day in the Life, A','Quisque id justo sit amet sapien dignissim vestibulum. Vestibulum ante ipsum primis in faucibus orci luctus et ultrices posuere cubilia Curae; Nulla dapibus dolor vel est. Donec odio justo, sollicitudin ut, suscipit a, feugiat et, eros.\n\nVestibulum ac est lacinia nisi venenatis tristique. Fusce congue, diam id ornare imperdiet, sapien urna pretium nisl, ut volutpat sapien arcu sed augue. Aliquam erat volutpat.'),(86,'Mountaintop Motel Massacre ','Sed sagittis. Nam congue, risus semper porta volutpat, quam pede lobortis ligula, sit amet eleifend pede libero quis orci. Nullam molestie nibh in lectus.\n\nPellentesque at nulla. Suspendisse potenti. Cras in purus eu magna vulputate luctus.'),(55,'Map of the Human Heart','Nulla ut erat id mauris vulputate elementum. Nullam varius. Nulla facilisi.\n\nCras non velit nec nisi vulputate nonummy. Maecenas tincidunt lacus at velit. Vivamus vel nulla eget eros elementum pellentesque.\n\nQuisque porta volutpat erat. Quisque erat eros, viverra eget, congue eget, semper rutrum, nulla. Nunc purus.'),(51,'Steal This Movie!','Mauris enim leo, rhoncus sed, vestibulum sit amet, cursus id, turpis. Integer aliquet, massa id lobortis convallis, tortor risus dapibus augue, vel accumsan tellus nisi eu orci. Mauris lacinia sapien quis libero.'),(21,'Riding Alone for Thousands of Miles (Qian li zou dan qi)','Duis bibendum. Morbi non quam nec dui luctus rutrum. Nulla tellus.'),(86,'Into the West','Sed sagittis. Nam congue, risus semper porta volutpat, quam pede lobortis ligula, sit amet eleifend pede libero quis orci. Nullam molestie nibh in lectus.\n\nPellentesque at nulla. Suspendisse potenti. Cras in purus eu magna vulputate luctus.\n\nCum sociis natoque penatibus et magnis dis parturient montes, nascetur ridiculus mus. Vivamus vestibulum sagittis sapien. Cum sociis natoque penatibus et magnis dis parturient montes, nascetur ridiculus mus.'),(96,'Whiteout','In hac habitasse platea dictumst. Morbi vestibulum, velit id pretium iaculis, diam erat fermentum justo, nec condimentum neque sapien placerat ante. Nulla justo.\n\nAliquam quis turpis eget elit sodales scelerisque. Mauris sit amet eros. Suspendisse accumsan tortor quis turpis.\n\nSed ante. Vivamus tortor. Duis mattis egestas metus.'),(42,'Not Quite Hollywood: The Wild, Untold Story of Ozploitation!','Duis consequat dui nec nisi volutpat eleifend. Donec ut dolor. Morbi vel lectus in quam fringilla rhoncus.\n\nMauris enim leo, rhoncus sed, vestibulum sit amet, cursus id, turpis. Integer aliquet, massa id lobortis convallis, tortor risus dapibus augue, vel accumsan tellus nisi eu orci. Mauris lacinia sapien quis libero.'),(18,'David Holzman\'s Diary','Sed ante. Vivamus tortor. Duis mattis egestas metus.\n\nAenean fermentum. Donec ut mauris eget massa tempor convallis. Nulla neque libero, convallis eget, eleifend luctus, ultricies eu, nibh.'),(55,'Bully','Duis consequat dui nec nisi volutpat eleifend. Donec ut dolor. Morbi vel lectus in quam fringilla rhoncus.\n\nMauris enim leo, rhoncus sed, vestibulum sit amet, cursus id, turpis. Integer aliquet, massa id lobortis convallis, tortor risus dapibus augue, vel accumsan tellus nisi eu orci. Mauris lacinia sapien quis libero.\n\nNullam sit amet turpis elementum ligula vehicula consequat. Morbi a ipsum. Integer a nibh.'),(60,'Martha','Quisque id justo sit amet sapien dignissim vestibulum. Vestibulum ante ipsum primis in faucibus orci luctus et ultrices posuere cubilia Curae; Nulla dapibus dolor vel est. Donec odio justo, sollicitudin ut, suscipit a, feugiat et, eros.\n\nVestibulum ac est lacinia nisi venenatis tristique. Fusce congue, diam id ornare imperdiet, sapien urna pretium nisl, ut volutpat sapien arcu sed augue. Aliquam erat volutpat.'),(37,'Woman Who Drinks, The (La femme qui boit)','Curabitur in libero ut massa volutpat convallis. Morbi odio odio, elementum eu, interdum eu, tincidunt in, leo. Maecenas pulvinar lobortis est.\n\nPhasellus sit amet erat. Nulla tempus. Vivamus in felis eu sapien cursus vestibulum.\n\nProin eu mi. Nulla ac enim. In tempor, turpis nec euismod scelerisque, quam turpis adipiscing lorem, vitae mattis nibh ligula nec sem.'),(25,'Tulsa','Cras mi pede, malesuada in, imperdiet et, commodo vulputate, justo. In blandit ultrices enim. Lorem ipsum dolor sit amet, consectetuer adipiscing elit.\n\nProin interdum mauris non ligula pellentesque ultrices. Phasellus id sapien in sapien iaculis congue. Vivamus metus arcu, adipiscing molestie, hendrerit at, vulputate vitae, nisl.'),(66,'Philanthropy (Filantropica)','Aenean fermentum. Donec ut mauris eget massa tempor convallis. Nulla neque libero, convallis eget, eleifend luctus, ultricies eu, nibh.\n\nQuisque id justo sit amet sapien dignissim vestibulum. Vestibulum ante ipsum primis in faucibus orci luctus et ultrices posuere cubilia Curae; Nulla dapibus dolor vel est. Donec odio justo, sollicitudin ut, suscipit a, feugiat et, eros.\n\nVestibulum ac est lacinia nisi venenatis tristique. Fusce congue, diam id ornare imperdiet, sapien urna pretium nisl, ut volutpat sapien arcu sed augue. Aliquam erat volutpat.');
/*!40000 ALTER TABLE `post` ENABLE KEYS */;
UNLOCK TABLES;

--
-- Table structure for table `todo`
--

DROP TABLE IF EXISTS `todo`;
/*!40101 SET @saved_cs_client     = @@character_set_client */;
/*!50503 SET character_set_client = utf8mb4 */;
CREATE TABLE `todo` (
  `todo_id` int NOT NULL AUTO_INCREMENT,
  `user_id` int NOT NULL,
  `title` varchar(50) NOT NULL,
  `is_complete` tinyint(1) NOT NULL,
  PRIMARY KEY (`todo_id`)
) ENGINE=InnoDB AUTO_INCREMENT=401 DEFAULT CHARSET=utf8mb4 COLLATE=utf8mb4_0900_ai_ci;
/*!40101 SET character_set_client = @saved_cs_client */;

--
-- Dumping data for table `todo`
--

LOCK TABLES `todo` WRITE;
/*!40000 ALTER TABLE `todo` DISABLE KEYS */;
INSERT INTO `todo` VALUES (1,53,'nulla sed accumsan felis ut',1),(2,27,'turpis eget elit sodales scelerisque',1),(3,35,'pellentesque at nulla suspendisse potenti',0),(4,99,'quisque arcu libero rutrum',1),(5,52,'molestie lorem quisque ut erat curabitur',0),(6,13,'non quam nec',1),(7,36,'turpis eget elit',1),(8,49,'in faucibus orci luctus et',1),(9,50,'quis libero nullam',1),(10,35,'nulla tempus vivamus',1),(11,18,'ultrices libero non mattis pulvinar',1),(12,67,'eget elit sodales scelerisque',0),(13,3,'odio justo sollicitudin ut',1),(14,69,'odio in hac habitasse platea dictumst',0),(15,5,'malesuada in imperdiet',1),(16,17,'vitae nisl aenean lectus pellentesque eget',1),(17,80,'purus phasellus in felis',1),(18,37,'erat vestibulum sed magna at',0),(19,50,'sed tincidunt eu felis',0),(20,16,'laoreet ut rhoncus aliquet pulvinar',0),(21,88,'orci mauris lacinia sapien quis',1),(22,32,'maecenas ut massa quis augue luctus',0),(23,91,'aenean lectus pellentesque eget nunc',1),(24,67,'erat tortor sollicitudin',0),(25,63,'ipsum aliquam non mauris',0),(26,41,'nam nulla integer pede justo',0),(27,90,'nunc vestibulum ante ipsum primis',1),(28,59,'curae mauris viverra diam vitae quam',1),(29,92,'vulputate luctus cum sociis',0),(30,48,'faucibus accumsan odio',0),(31,85,'quis augue luctus tincidunt',0),(32,78,'non velit donec diam neque vestibulum',1),(33,48,'libero nam dui',1),(34,12,'habitasse platea dictumst morbi vestibulum',1),(35,57,'porttitor lacus at turpis donec',1),(36,69,'pellentesque eget nunc donec quis orci',0),(37,58,'nulla facilisi cras',0),(38,60,'tempus vel pede morbi porttitor',1),(39,64,'aliquet maecenas leo odio condimentum',1),(40,49,'donec vitae nisi nam ultrices',0),(41,46,'sapien in sapien iaculis congue',1),(42,2,'turpis donec posuere metus vitae ipsum',0),(43,98,'erat fermentum justo nec condimentum neque',1),(44,51,'morbi vel lectus in quam fringilla',1),(45,86,'vestibulum proin eu mi',1),(46,51,'vulputate ut ultrices vel augue vestibulum',0),(47,72,'orci luctus et ultrices posuere cubilia',0),(48,70,'tempor convallis nulla neque',0),(49,45,'penatibus et magnis dis',0),(50,28,'consequat lectus in est risus auctor',0),(51,10,'molestie sed justo',1),(52,48,'ultrices enim lorem ipsum dolor',1),(53,24,'pretium iaculis justo in hac habitasse',1),(54,2,'sit amet sapien',0),(55,80,'at velit vivamus vel nulla eget',1),(56,47,'eu felis fusce',0),(57,53,'risus semper porta volutpat',1),(58,52,'luctus et ultrices',0),(59,16,'in congue etiam justo etiam',1),(60,100,'lectus in est risus auctor',0),(61,48,'justo in hac',0),(62,22,'consequat lectus in est risus',1),(63,18,'odio elementum eu interdum',1),(64,84,'ipsum aliquam non mauris morbi non',1),(65,2,'vestibulum proin eu',1),(66,43,'imperdiet sapien urna',0),(67,13,'tortor sollicitudin mi',1),(68,59,'erat nulla tempus vivamus in',0),(69,16,'elementum pellentesque quisque porta',0),(70,4,'id consequat in consequat ut',0),(71,20,'dis parturient montes nascetur ridiculus mus',1),(72,67,'mollis molestie lorem quisque ut',0),(73,7,'accumsan odio curabitur',0),(74,47,'ultrices aliquet maecenas leo odio condimentum',0),(75,17,'nam congue risus semper',1),(76,26,'malesuada in imperdiet et',1),(77,70,'in imperdiet et commodo',0),(78,86,'potenti nullam porttitor',0),(79,33,'eros elementum pellentesque',1),(80,38,'orci luctus et',0),(81,26,'tristique fusce congue diam',1),(82,92,'habitasse platea dictumst aliquam',0),(83,9,'amet sapien dignissim vestibulum',1),(84,20,'a ipsum integer a nibh in',0),(85,24,'et ultrices posuere cubilia',1),(86,5,'in consequat ut nulla',1),(87,44,'augue vestibulum ante ipsum primis in',0),(88,39,'quis augue luctus tincidunt',0),(89,15,'praesent lectus vestibulum quam sapien varius',0),(90,31,'in sagittis dui vel nisl duis',0),(91,98,'a nibh in quis justo',1),(92,79,'venenatis lacinia aenean',1),(93,62,'vivamus in felis',0),(94,8,'felis ut at dolor quis',1),(95,80,'luctus nec molestie sed justo pellentesque',1),(96,56,'lectus in quam fringilla',0),(97,16,'pellentesque eget nunc donec',0),(98,60,'ornare consequat lectus',1),(99,58,'vel nulla eget eros elementum',1),(100,8,'tempor turpis nec euismod',0),(101,80,'felis sed lacus morbi',1),(102,4,'faucibus orci luctus',1),(103,2,'est risus auctor sed',0),(104,92,'nulla ac enim',1),(105,47,'diam cras pellentesque volutpat dui maecenas',1),(106,66,'hac habitasse platea dictumst morbi vestibulum',0),(107,7,'ut erat id mauris vulputate',1),(108,58,'risus dapibus augue',1),(109,98,'arcu adipiscing molestie',0),(110,70,'vivamus vestibulum sagittis',0),(111,14,'justo morbi ut odio cras',1),(112,28,'porttitor id consequat in',0),(113,34,'id ligula suspendisse ornare consequat lectus',1),(114,55,'curabitur gravida nisi at',1),(115,48,'cubilia curae nulla dapibus',0),(116,83,'maecenas ut massa',1),(117,37,'dis parturient montes nascetur ridiculus mus',1),(118,96,'ac est lacinia',0),(119,76,'congue eget semper rutrum',0),(120,48,'nunc nisl duis bibendum',1),(121,66,'imperdiet nullam orci',0),(122,63,'interdum in ante vestibulum ante',1),(123,54,'venenatis turpis enim blandit mi in',0),(124,85,'volutpat eleifend donec ut',0),(125,18,'consequat morbi a ipsum integer a',1),(126,17,'nullam porttitor lacus at turpis',1),(127,57,'nulla tellus in sagittis dui vel',0),(128,24,'nisl aenean lectus pellentesque',1),(129,99,'in hac habitasse',1),(130,3,'consectetuer adipiscing elit proin risus praesent',1),(131,25,'tincidunt in leo maecenas pulvinar',0),(132,3,'sed augue aliquam erat',0),(133,32,'id consequat in consequat ut',0),(134,99,'hac habitasse platea',0),(135,26,'lacus morbi sem mauris laoreet',1),(136,99,'sapien sapien non mi integer',0),(137,42,'quam sapien varius ut blandit',0),(138,58,'ligula nec sem',0),(139,1,'est quam pharetra magna ac consequat',0),(140,66,'ut nulla sed accumsan felis ut',1),(141,39,'quis augue luctus tincidunt nulla mollis',1),(142,52,'velit id pretium iaculis',0),(143,56,'sapien a libero nam',0),(144,29,'eu orci mauris lacinia',1),(145,52,'quam sapien varius ut',0),(146,10,'id luctus nec molestie',0),(147,19,'nisi nam ultrices libero',1),(148,45,'ultrices erat tortor sollicitudin mi sit',1),(149,11,'justo aliquam quis turpis eget elit',0),(150,99,'ac consequat metus',0),(151,21,'tortor risus dapibus augue vel accumsan',0),(152,6,'in hac habitasse',1),(153,64,'viverra diam vitae quam',1),(154,38,'in lectus pellentesque at',1),(155,21,'cubilia curae nulla dapibus dolor',1),(156,71,'mauris non ligula',1),(157,13,'magna vulputate luctus',0),(158,53,'ac nulla sed vel enim',0),(159,21,'neque duis bibendum morbi non quam',1),(160,35,'sed tristique in tempus',1),(161,10,'mauris morbi non lectus aliquam sit',0),(162,33,'tempus vel pede morbi porttitor',0),(163,61,'vulputate justo in',1),(164,74,'sapien a libero nam dui proin',0),(165,5,'in hac habitasse platea dictumst aliquam',0),(166,99,'molestie nibh in',1),(167,53,'arcu adipiscing molestie hendrerit at vulputate',1),(168,44,'erat quisque erat eros',1),(169,78,'neque aenean auctor',0),(170,58,'a pede posuere nonummy integer non',0),(171,93,'tincidunt ante vel',1),(172,22,'id pretium iaculis',1),(173,63,'maecenas ut massa quis augue luctus',0),(174,1,'orci mauris lacinia sapien quis libero',1),(175,65,'odio odio elementum',1),(176,39,'integer aliquet massa id lobortis',0),(177,75,'mattis odio donec vitae',1),(178,85,'proin eu mi nulla',0),(179,29,'non mauris morbi',1),(180,67,'sit amet nulla quisque',1),(181,50,'morbi a ipsum integer a nibh',1),(182,68,'primis in faucibus orci luctus',0),(183,66,'eros viverra eget',0),(184,75,'ut at dolor quis',1),(185,57,'sit amet cursus id turpis',1),(186,77,'etiam faucibus cursus urna ut',0),(187,54,'id sapien in sapien iaculis',1),(188,42,'morbi a ipsum integer a',0),(189,89,'aliquam convallis nunc',0),(190,22,'donec odio justo sollicitudin ut',0),(191,23,'morbi vestibulum velit id pretium iaculis',1),(192,40,'eu massa donec dapibus duis at',0),(193,37,'id pretium iaculis diam',1),(194,1,'in lacus curabitur at',0),(195,20,'vestibulum ante ipsum primis',0),(196,64,'venenatis tristique fusce congue diam',1),(197,98,'et magnis dis parturient montes',1),(198,44,'dui vel sem sed',1),(199,62,'quam sollicitudin vitae',1),(200,6,'porttitor lorem id ligula',1),(201,99,'nibh fusce lacus purus',1),(202,68,'cursus urna ut tellus',0),(203,95,'rhoncus aliquam lacus morbi quis tortor',0),(204,33,'tincidunt ante vel ipsum praesent blandit',0),(205,69,'blandit lacinia erat vestibulum',1),(206,54,'tristique in tempus',0),(207,1,'volutpat dui maecenas tristique est et',1),(208,66,'natoque penatibus et',1),(209,13,'augue aliquam erat volutpat in congue',1),(210,66,'cras pellentesque volutpat dui maecenas tristique',1),(211,85,'semper porta volutpat quam pede lobortis',1),(212,43,'massa tempor convallis nulla neque libero',1),(213,86,'feugiat non pretium',0),(214,74,'cras pellentesque volutpat',1),(215,33,'fermentum donec ut mauris',1),(216,22,'mus vivamus vestibulum sagittis sapien cum',0),(217,18,'vestibulum ante ipsum primis in',0),(218,45,'tincidunt ante vel ipsum praesent blandit',0),(219,52,'sit amet eros suspendisse accumsan',1),(220,97,'ultricies eu nibh',1),(221,54,'eleifend donec ut dolor morbi vel',1),(222,65,'nec nisi vulputate nonummy maecenas',0),(223,44,'ut rhoncus aliquet pulvinar sed nisl',0),(224,47,'eros elementum pellentesque quisque porta volutpat',0),(225,75,'proin interdum mauris non ligula pellentesque',0),(226,37,'quis augue luctus tincidunt nulla',1),(227,93,'vel nulla eget eros',0),(228,17,'parturient montes nascetur ridiculus',0),(229,84,'augue quam sollicitudin vitae consectetuer eget',0),(230,23,'donec semper sapien a libero',0),(231,11,'pellentesque volutpat dui maecenas tristique est',1),(232,15,'tortor risus dapibus augue vel accumsan',1),(233,75,'pellentesque at nulla suspendisse potenti',0),(234,30,'ligula nec sem duis aliquam convallis',0),(235,37,'in quis justo maecenas rhoncus aliquam',0),(236,99,'montes nascetur ridiculus mus etiam',0),(237,65,'lobortis ligula sit amet eleifend',1),(238,56,'porttitor id consequat in consequat',0),(239,43,'sapien cum sociis natoque',0),(240,42,'suscipit nulla elit',1),(241,69,'curabitur in libero',0),(242,76,'tortor duis mattis egestas metus aenean',0),(243,18,'donec quis orci',0),(244,41,'duis bibendum morbi non quam',1),(245,61,'libero ut massa volutpat convallis morbi',0),(246,99,'curabitur in libero ut',0),(247,59,'luctus et ultrices',1),(248,71,'aliquam augue quam',0),(249,46,'pretium nisl ut volutpat sapien',0),(250,22,'nec euismod scelerisque',1),(251,19,'ultrices libero non mattis pulvinar',1),(252,72,'ut blandit non interdum in ante',1),(253,32,'vivamus in felis eu',0),(254,80,'nibh fusce lacus purus aliquet at',1),(255,23,'massa donec dapibus duis at velit',1),(256,31,'imperdiet et commodo',0),(257,88,'dapibus nulla suscipit ligula in lacus',1),(258,2,'eleifend luctus ultricies eu nibh quisque',1),(259,61,'viverra eget congue',1),(260,81,'orci luctus et ultrices posuere cubilia',0),(261,48,'pharetra magna vestibulum aliquet',1),(262,64,'sagittis nam congue risus semper porta',0),(263,3,'fusce congue diam id ornare',1),(264,98,'mauris morbi non lectus',1),(265,49,'lacus at velit',0),(266,42,'consequat varius integer ac leo',1),(267,100,'aliquam sit amet',1),(268,37,'nulla quisque arcu libero rutrum ac',1),(269,19,'justo sollicitudin ut',0),(270,6,'egestas metus aenean fermentum',1),(271,41,'eu est congue',1),(272,93,'integer non velit donec diam',0),(273,3,'at turpis a pede posuere nonummy',0),(274,94,'sapien cum sociis',0),(275,55,'eget vulputate ut',1),(276,53,'ante vel ipsum praesent blandit',0),(277,95,'sed accumsan felis ut at dolor',1),(278,9,'nunc donec quis',0),(279,92,'nam ultrices libero non mattis',1),(280,36,'amet consectetuer adipiscing elit proin',1),(281,94,'potenti cras in purus eu magna',0),(282,79,'nulla dapibus dolor vel est',0),(283,98,'risus semper porta volutpat quam pede',0),(284,38,'mi nulla ac',1),(285,35,'nulla facilisi cras',0),(286,82,'aliquam quis turpis',0),(287,68,'pellentesque at nulla suspendisse',0),(288,33,'id nisl venenatis lacinia',0),(289,87,'maecenas ut massa quis augue luctus',0),(290,79,'in blandit ultrices',1),(291,41,'nec nisi vulputate nonummy',1),(292,88,'risus semper porta volutpat quam pede',1),(293,7,'ultrices posuere cubilia curae',0),(294,93,'mauris morbi non lectus aliquam sit',1),(295,84,'vitae consectetuer eget rutrum at lorem',0),(296,36,'sem praesent id massa id',1),(297,37,'sapien cum sociis natoque penatibus et',0),(298,1,'tortor eu pede',0),(299,46,'aliquam augue quam sollicitudin',0),(300,46,'feugiat et eros vestibulum',0),(301,31,'elementum in hac habitasse platea',0),(302,75,'hac habitasse platea dictumst',1),(303,45,'ipsum dolor sit',0),(304,49,'pretium iaculis justo in hac',1),(305,24,'suspendisse potenti in eleifend quam',1),(306,35,'rutrum nulla nunc purus phasellus in',0),(307,70,'ut nunc vestibulum ante',0),(308,21,'molestie nibh in lectus',1),(309,12,'odio justo sollicitudin ut suscipit',0),(310,7,'faucibus orci luctus',1),(311,87,'curae duis faucibus',1),(312,2,'mattis egestas metus aenean fermentum donec',1),(313,34,'volutpat quam pede',1),(314,8,'elementum in hac habitasse',0),(315,51,'nulla sed vel enim',0),(316,92,'consequat metus sapien',0),(317,45,'phasellus id sapien in sapien',1),(318,82,'lectus in quam fringilla rhoncus mauris',0),(319,72,'facilisi cras non velit',1),(320,38,'massa id lobortis convallis tortor risus',1),(321,85,'ut odio cras',1),(322,63,'hac habitasse platea',1),(323,30,'ut nunc vestibulum ante ipsum',1),(324,92,'massa tempor convallis',1),(325,87,'sapien ut nunc',1),(326,55,'tellus in sagittis dui vel nisl',1),(327,37,'in faucibus orci',0),(328,35,'duis mattis egestas metus aenean fermentum',1),(329,40,'odio consequat varius integer',0),(330,27,'justo aliquam quis',0),(331,38,'varius integer ac leo pellentesque',1),(332,81,'lectus pellentesque eget nunc donec',0),(333,41,'luctus rutrum nulla tellus in',0),(334,11,'sagittis sapien cum',0),(335,2,'justo sit amet sapien',0),(336,100,'tincidunt nulla mollis',0),(337,39,'habitasse platea dictumst aliquam augue',1),(338,59,'ut massa volutpat convallis morbi',0),(339,26,'consequat lectus in est risus',0),(340,35,'id nulla ultrices aliquet',1),(341,44,'posuere felis sed lacus morbi sem',1),(342,94,'in faucibus orci luctus et',0),(343,28,'congue eget semper',1),(344,11,'in libero ut massa',0),(345,52,'convallis nunc proin at',0),(346,71,'pulvinar lobortis est',0),(347,30,'mus etiam vel augue vestibulum rutrum',0),(348,69,'nec euismod scelerisque quam turpis',0),(349,7,'arcu sed augue aliquam erat',1),(350,29,'ultrices vel augue vestibulum',1),(351,45,'at lorem integer tincidunt ante vel',0),(352,67,'ultrices phasellus id',1),(353,78,'at dolor quis odio consequat',0),(354,52,'mus vivamus vestibulum sagittis sapien cum',1),(355,51,'integer ac neque duis bibendum',1),(356,5,'elit proin risus praesent',0),(357,97,'eget eleifend luctus ultricies eu',1),(358,72,'amet eros suspendisse',0),(359,77,'amet consectetuer adipiscing elit proin',0),(360,38,'a libero nam dui proin',0),(361,97,'bibendum imperdiet nullam orci pede venenatis',0),(362,20,'semper porta volutpat quam',1),(363,60,'cursus vestibulum proin eu',1),(364,99,'malesuada in imperdiet et commodo',0),(365,27,'praesent id massa id nisl venenatis',1),(366,16,'ornare consequat lectus in est risus',0),(367,16,'neque libero convallis',1),(368,75,'mattis pulvinar nulla',0),(369,51,'justo sit amet sapien',0),(370,29,'at ipsum ac tellus semper interdum',1),(371,26,'ridiculus mus vivamus vestibulum sagittis',0),(372,2,'sit amet lobortis',1),(373,18,'leo pellentesque ultrices mattis',1),(374,6,'praesent id massa id',0),(375,19,'tempus vivamus in felis eu sapien',0),(376,68,'et ultrices posuere cubilia curae',0),(377,56,'in faucibus orci luctus et',0),(378,19,'nec nisi vulputate nonummy maecenas tincidunt',0),(379,39,'ipsum primis in',0),(380,38,'eros vestibulum ac est',0),(381,25,'posuere cubilia curae donec',1),(382,92,'mi integer ac neque',0),(383,94,'blandit non interdum in',1),(384,62,'pede justo eu massa donec',0),(385,46,'dis parturient montes',0),(386,5,'potenti in eleifend quam a odio',1),(387,96,'mauris eget massa tempor convallis nulla',1),(388,37,'in porttitor pede',1),(389,77,'scelerisque mauris sit amet eros',1),(390,26,'in hac habitasse platea dictumst',0),(391,83,'sed justo pellentesque viverra pede ac',0),(392,26,'nullam molestie nibh in lectus',0),(393,72,'pede lobortis ligula sit',1),(394,37,'tristique fusce congue diam id ornare',1),(395,7,'rutrum at lorem integer tincidunt ante',0),(396,33,'nulla suscipit ligula in lacus',1),(397,35,'pulvinar nulla pede ullamcorper augue',0),(398,30,'eget massa tempor convallis',1),(399,82,'ipsum aliquam non mauris',0),(400,68,'in lectus pellentesque',1);
/*!40000 ALTER TABLE `todo` ENABLE KEYS */;
UNLOCK TABLES;

--
-- Table structure for table `user`
--

DROP TABLE IF EXISTS `user`;
/*!40101 SET @saved_cs_client     = @@character_set_client */;
/*!50503 SET character_set_client = utf8mb4 */;
CREATE TABLE `user` (
  `user_id` int NOT NULL AUTO_INCREMENT,
  `password` varchar(20) NOT NULL,
  `username` varchar(20) NOT NULL,
  `email` varchar(50) DEFAULT NULL,
  `adress` varchar(255) DEFAULT NULL,
  PRIMARY KEY (`user_id`)
) ENGINE=InnoDB AUTO_INCREMENT=101 DEFAULT CHARSET=utf8mb4 COLLATE=utf8mb4_0900_ai_ci;
/*!40101 SET character_set_client = @saved_cs_client */;

--
-- Dumping data for table `user`
--

LOCK TABLES `user` WRITE;
/*!40000 ALTER TABLE `user` DISABLE KEYS */;
INSERT INTO `user` VALUES (1,'88WXPmJ8TMJ2','echasmor0','napthorpe0@patch.com','2 Crowley Pass'),(2,'bhE2vvavLpe','cschruur1','rbock1@scribd.com','22 Forest Dale Lane'),(3,'luXoO658h8c9','lcroce2','manstis2@msu.edu','64333 Florence Drive'),(4,'lCWlWLMrx2','gsugars3','ccaddies3@bigcartel.com','96104 Butternut Parkway'),(5,'fZXHLdf2g1iE','cumfrey4','vtumber4@adobe.com','0 Westport Hill'),(6,'n1JknZbS','nrisen5','ddowley5@com.com','65 Trailsway Hill'),(7,'gvxFyjim','gcolton6','afrary6@gmpg.org','53 Canary Plaza'),(8,'qdjC8TRz','turlich7','lleveritt7@etsy.com','67240 Jackson Terrace'),(9,'81i57J0L','kbadgers8','wdonovin8@opera.com','6 Thierer Plaza'),(10,'5bVBEGl7kN0P','lmelluish9','kmonte9@ucsd.edu','5 Mosinee Court'),(11,'T4hpgB5','dtavnera','gpixtona@cafepress.com','33 Harper Place'),(12,'mJzAcze','btomesb','bcristofalob@adobe.com','243 Weeping Birch Center'),(13,'bezRaL1Ltj6','kkneafseyc','corchardc@irs.gov','0 Maple Pass'),(14,'U49OxqfBY1R','ebrehaultd','gferried@cbsnews.com','1618 Johnson Parkway'),(15,'QrWneiehz','kjursche','djurye@macromedia.com','27235 Bartillon Hill'),(16,'N8B1E4YYdxYC','ccalltonef','eadamsonf@psu.edu','23 Charing Cross Drive'),(17,'iubIrpzJVzA','asparshuttg','svillaretg@bizjournals.com','89 Erie Parkway'),(18,'H2GSV4ecPqJ','mgeraldh','sdulieuh@diigo.com','80 Summerview Court'),(19,'hZYLRl9','dwadforthi','gstoutei@zimbio.com','5 Golf View Park'),(20,'WM8XVQMtE2T','mwearj','hcaveauj@berkeley.edu','51085 Blue Bill Park Circle'),(21,'5KCS9OnsEMGd','lbettenayk','gkolakovick@theguardian.com','8 Anniversary Crossing'),(22,'OHxvEr3ET','jbownesl','dshieldsl@theglobeandmail.com','0 Corben Hill'),(23,'8dS4AwQ','brosentholerm','dgiblettm@prlog.org','04974 Mayfield Point'),(24,'kkJgRF46f','mwoolnoughn','mwhatsonn@shop-pro.jp','065 4th Hill'),(25,'8kiSWsOG4MJi','bhuzzayo','gdobbinso@netscape.com','94 Bowman Hill'),(26,'21yr3ZAHC','ysiveterp','mabbayp@cam.ac.uk','6 Parkside Junction'),(27,'LkK73u42','ofochq','fmargetsonq@godaddy.com','60 Lyons Drive'),(28,'KSZLZSKt542','cciobutarur','lhorneyr@shop-pro.jp','37 Melrose Place'),(29,'uwNuC1QSmh','dpinchons','hspilletts@tumblr.com','9 Maple Wood Terrace'),(30,'UazlELh0ud','ktartt','cdunst@businessinsider.com','5054 Northport Circle'),(31,'ukPvLVpMdb','operelu','tbenzingu@1688.com','49575 Hooker Street'),(32,'uYUVzv','dschwantv','kwiggintonv@tripadvisor.com','68 Rieder Hill'),(33,'G2fh4CBME8','kgillilandw','hnaulw@mozilla.org','396 Lakewood Hill'),(34,'IDlZ24nJtg','hmalpassx','edecroixx@yahoo.co.jp','30569 Colorado Plaza'),(35,'SWsfdDq','afatharlyy','hkonkey@independent.co.uk','71524 Sheridan Place'),(36,'1ffCs3kPV','lmohringz','achidlowz@typepad.com','16268 Brickson Park Road'),(37,'GzJYX6RHo4f','ibidewel10','aclaypool10@4shared.com','31927 Dahle Pass'),(38,'TQoJoML','smcmurthy11','ewincer11@independent.co.uk','92 Chive Lane'),(39,'A6BKjU','hmale12','akeay12@freewebs.com','146 Farwell Parkway'),(40,'9ew4xkcrDG8','gpavlata13','sconnell13@icq.com','332 Coleman Plaza'),(41,'3j9IWI','jbrislane14','dbelly14@illinois.edu','26 North Alley'),(42,'fntVtO','kwerrilow15','oharrhy15@ehow.com','894 Sycamore Street'),(43,'KjqZNdGb7M','wleach16','zstation16@mozilla.com','8166 Homewood Pass'),(44,'3qy4kAHhFD9V','naizikov17','spryer17@instagram.com','4971 Mcguire Lane'),(45,'XfxY8S','evoak18','kitzkovich18@wunderground.com','6275 Caliangt Way'),(46,'dGrD8pvJDteZ','lbusson19','glindhe19@msu.edu','351 Jay Place'),(47,'ZLMmOQFd','cklaggeman1a','lcaston1a@google.de','5 Armistice Drive'),(48,'olOg29IJXvqX','lainsworth1b','gbenkhe1b@facebook.com','05 Holmberg Center'),(49,'U9If7WHPCT','podeson1c','rpeschmann1c@ihg.com','99 Packers Lane'),(50,'NBcPKC1nlKq','nfargie1d','jscemp1d@kickstarter.com','6974 Amoth Place'),(51,'uE9s4pR','bstalley1e','acorde1e@mit.edu','0 Manley Place'),(52,'259GYM5gdI','eletrange1f','jboydon1f@ifeng.com','77 Mallory Terrace'),(53,'tI36a6','leglington1g','bvillage1g@stanford.edu','591 Welch Road'),(54,'S8An7PPL1kFf','cwill1h','hdonaher1h@instagram.com','9361 Forest Center'),(55,'jyNDm238t','chail1i','hsaltmarshe1i@fda.gov','188 Main Parkway'),(56,'kIZLVaJKMtC','tdenkel1j','pmacfadin1j@list-manage.com','8 Washington Alley'),(57,'AXKCNGPx','mbenzie1k','omangeon1k@paginegialle.it','331 Basil Hill'),(58,'WDaGJ3Cap3P6','ebosworth1l','lranklin1l@gravatar.com','2 North Avenue'),(59,'un93j2vJo','rradage1m','bcockton1m@timesonline.co.uk','4 Elka Parkway'),(60,'aMpOkL','ddmitrichenko1n','akirsch1n@last.fm','922 Tennessee Drive'),(61,'rUPdMcoRNPz','mgerwood1o','noldford1o@quantcast.com','9 Steensland Way'),(62,'iHAts7','lcorcut1p','ihradsky1p@ezinearticles.com','42248 Hintze Road'),(63,'IVxI4gFEd','cboram1q','jlearmonth1q@gizmodo.com','89026 Meadow Vale Circle'),(64,'PVLGhMBkW','gharget1r','ctidball1r@t.co','0935 Nancy Park'),(65,'fSjH92','sthurnham1s','vbromehead1s@skype.com','06128 Talisman Circle'),(66,'vBnDsF','aguilford1t','ruccelli1t@seattletimes.com','482 Delaware Court'),(67,'9gO6p5t5L','sgarter1u','ebalsellie1u@canalblog.com','915 Beilfuss Crossing'),(68,'c4nl0xD','iruzicka1v','lphilpott1v@g.co','8 Kipling Lane'),(69,'EILstC','cloreit1w','dlindenboim1w@utexas.edu','6 Heffernan Avenue'),(70,'cZCmkgBj','ddiprose1x','gkrook1x@indiegogo.com','896 Meadow Ridge Alley'),(71,'9eMPuLuX0gjT','dkupec1y','vcorss1y@tinyurl.com','0 Lighthouse Bay Point'),(72,'h12hxr','kbrabbins1z','hpiscopo1z@cafepress.com','22042 Forest Run Terrace'),(73,'XDFFavwVnbR','lwainscoat20','wwimes20@independent.co.uk','3 Del Mar Hill'),(74,'FjDyQJuw8hho','ataillant21','abartram21@nasa.gov','884 Spenser Street'),(75,'zImq1Cc','tjaycock22','scouronne22@csmonitor.com','01 Truax Hill'),(76,'vPkrPQD','smcgiveen23','vgot23@is.gd','21 Meadow Vale Alley'),(77,'UB1LIT00X9','amycroft24','cdivisek24@furl.net','08637 Eagle Crest Alley'),(78,'WnRFjI5PIH9','tsimenon25','mkneeshaw25@fotki.com','22 Almo Terrace'),(79,'lvsQDG5A','cevens26','apoole26@about.me','2 Schlimgen Crossing'),(80,'W4xUkQMRJL','crhodef27','carthy27@goo.ne.jp','5542 Fisk Road'),(81,'PEfjbdem','itotterdill28','ddonizeau28@amazonaws.com','7 Beilfuss Junction'),(82,'OIyJb1SvbhOW','coduane29','gkubacek29@squarespace.com','44 John Wall Crossing'),(83,'22oycZMCn5gf','emorales2a','lkaradzas2a@gnu.org','267 Forster Park'),(84,'uVIlM1rDA','ggarstan2b','jwass2b@usnews.com','4682 Nova Point'),(85,'qYs8CUcBT5A4','ballabush2c','dmcgonigal2c@businesswire.com','72 Cascade Trail'),(86,'DhQvFoKG54','zsparks2d','dtelezhkin2d@apache.org','2088 Rowland Pass'),(87,'1eD6Gn','epalfrey2e','fcooksley2e@biblegateway.com','06 Norway Maple Crossing'),(88,'CSD0rxp','gpauli2f','agarn2f@chron.com','8 Prairie Rose Terrace'),(89,'wRGT1gR','sgodley2g','rfranchi2g@cam.ac.uk','5 Lerdahl Parkway'),(90,'Q8V8Qg','ohiscocks2h','mlove2h@plala.or.jp','3366 Londonderry Drive'),(91,'okwgQRZ','rmummery2i','aberndsen2i@vistaprint.com','1 Bonner Court'),(92,'0Tje6g','gsweetzer2j','cpark2j@angelfire.com','97189 Corscot Place'),(93,'qJlWuy5t','kgreally2k','cromanini2k@twitpic.com','8 Hagan Road'),(94,'qKDak9','nsnoad2l','dchishull2l@dailymotion.com','2193 Dawn Center'),(95,'ndYworTGix','efranzonello2m','bsanpere2m@devhub.com','8198 Lillian Alley'),(96,'r0c9wE2vCc','rsimmon2n','sandresser2n@wikia.com','5379 Di Loreto Trail'),(97,'kfdLGNflk','wbachura2o','tbarnes2o@ycombinator.com','9856 Stang Pass'),(98,'h6xKY4ds4T9','mhazeldean2p','bsauvage2p@tinypic.com','6673 Vidon Parkway'),(99,'IcY33v0','rzealey2q','chousegoe2q@goo.gl','18928 Ridgeview Parkway'),(100,'8vj7sDFJA','cgravenell2r','amapledoram2r@vinaora.com','2 Monterey Trail');
/*!40000 ALTER TABLE `user` ENABLE KEYS */;
UNLOCK TABLES;
/*!40103 SET TIME_ZONE=@OLD_TIME_ZONE */;

/*!40101 SET SQL_MODE=@OLD_SQL_MODE */;
/*!40014 SET FOREIGN_KEY_CHECKS=@OLD_FOREIGN_KEY_CHECKS */;
/*!40014 SET UNIQUE_CHECKS=@OLD_UNIQUE_CHECKS */;
/*!40101 SET CHARACTER_SET_CLIENT=@OLD_CHARACTER_SET_CLIENT */;
/*!40101 SET CHARACTER_SET_RESULTS=@OLD_CHARACTER_SET_RESULTS */;
/*!40101 SET COLLATION_CONNECTION=@OLD_COLLATION_CONNECTION */;
/*!40111 SET SQL_NOTES=@OLD_SQL_NOTES */;

-- Dump completed on 2023-01-25 12:39:16
